To,From,Weight
Letitia Wright,Matthew McConaughey,1
Letitia Wright,Scarlett Johansson,2
Letitia Wright,Taron Egerton,1
Matthew McConaughey,Scarlett Johansson,1
Matthew McConaughey,Taron Egerton,1
Scarlett Johansson,Taron Egerton,1
Keanu Reeves,Laurence Fishburne,1
Keanu Reeves,Yahya Abdul-Mateen II,1
Laurence Fishburne,Yahya Abdul-Mateen II,1
Benedict Cumberbatch,Benedict Wong,2
Benedict Cumberbatch,Jake Gyllenhaal,1
Benedict Cumberbatch,Jon Favreau,2
Benedict Cumberbatch,Tom Hardy,1
Benedict Cumberbatch,Tom Holland,2
Benedict Cumberbatch,Zendaya,1
Benedict Wong,Jake Gyllenhaal,1
Benedict Wong,Jon Favreau,2
Benedict Wong,Tom Hardy,1
Benedict Wong,Tom Holland,2
Benedict Wong,Zendaya,1
Jake Gyllenhaal,Jon Favreau,2
Jake Gyllenhaal,Tom Hardy,1
Jake Gyllenhaal,Tom Holland,2
Jake Gyllenhaal,Zendaya,2
Jon Favreau,Tom Hardy,1
Jon Favreau,Tom Holland,3
Jon Favreau,Zendaya,2
Tom Hardy,Tom Holland,1
Tom Hardy,Zendaya,1
Tom Holland,Zendaya,2
Adam Driver,Al Pacino,1
Adam Driver,Jared Leto,1
Adam Driver,Jeremy Irons,1
Adam Driver,Lady Gaga,1
Adam Driver,Salma Hayek,1
Al Pacino,Jared Leto,1
Al Pacino,Jeremy Irons,1
Al Pacino,Lady Gaga,1
Al Pacino,Salma Hayek,1
Jared Leto,Jeremy Irons,1
Jared Leto,Lady Gaga,1
Jared Leto,Salma Hayek,1
Jeremy Irons,Lady Gaga,1
Jeremy Irons,Salma Hayek,1
Lady Gaga,Salma Hayek,1
Carrie Coon,Celeste O'Connor,1
Carrie Coon,Finn Wolfhard,1
Carrie Coon,Logan Kim,1
Carrie Coon,Mckenna Grace,1
Carrie Coon,Paul Rudd,1
Celeste O'Connor,Finn Wolfhard,1
Celeste O'Connor,Logan Kim,1
Celeste O'Connor,Mckenna Grace,1
Celeste O'Connor,Paul Rudd,1
Finn Wolfhard,Logan Kim,1
Finn Wolfhard,Mckenna Grace,1
Finn Wolfhard,Paul Rudd,1
Logan Kim,Mckenna Grace,1
Logan Kim,Paul Rudd,1
Mckenna Grace,Paul Rudd,1
Darby Camp,Jack Whitehall,1
Darby Camp,Rosie Perez,1
Jack Whitehall,Rosie Perez,1
Angelina Jolie,Barry Keoghan,1
Angelina Jolie,Bill Skarsgård,1
Angelina Jolie,Brian Tyree Henry,1
Angelina Jolie,Gemma Chan,1
Angelina Jolie,Kumail Nanjiani,1
Angelina Jolie,Lauren Ridloff,1
Angelina Jolie,Lia McHugh,1
Angelina Jolie,Ma Dong-seok,1
Angelina Jolie,Richard Madden,1
Angelina Jolie,Salma Hayek,1
Barry Keoghan,Bill Skarsgård,1
Barry Keoghan,Brian Tyree Henry,1
Barry Keoghan,Gemma Chan,1
Barry Keoghan,Kumail Nanjiani,1
Barry Keoghan,Lauren Ridloff,1
Barry Keoghan,Lia McHugh,1
Barry Keoghan,Ma Dong-seok,1
Barry Keoghan,Richard Madden,1
Barry Keoghan,Salma Hayek,1
Bill Skarsgård,Brian Tyree Henry,1
Bill Skarsgård,Gemma Chan,1
Bill Skarsgård,Kumail Nanjiani,1
Bill Skarsgård,Lauren Ridloff,1
Bill Skarsgård,Lia McHugh,1
Bill Skarsgård,Ma Dong-seok,1
Bill Skarsgård,Richard Madden,1
Bill Skarsgård,Salma Hayek,1
Brian Tyree Henry,Gemma Chan,1
Brian Tyree Henry,Kumail Nanjiani,1
Brian Tyree Henry,Lauren Ridloff,1
Brian Tyree Henry,Lia McHugh,1
Brian Tyree Henry,Ma Dong-seok,1
Brian Tyree Henry,Richard Madden,1
Brian Tyree Henry,Salma Hayek,1
Gemma Chan,Kumail Nanjiani,1
Gemma Chan,Lauren Ridloff,1
Gemma Chan,Lia McHugh,1
Gemma Chan,Ma Dong-seok,1
Gemma Chan,Richard Madden,1
Gemma Chan,Salma Hayek,1
Kumail Nanjiani,Lauren Ridloff,1
Kumail Nanjiani,Lia McHugh,1
Kumail Nanjiani,Ma Dong-seok,1
Kumail Nanjiani,Richard Madden,1
Kumail Nanjiani,Salma Hayek,1
Lauren Ridloff,Lia McHugh,1
Lauren Ridloff,Ma Dong-seok,1
Lauren Ridloff,Richard Madden,1
Lauren Ridloff,Salma Hayek,1
Lia McHugh,Ma Dong-seok,1
Lia McHugh,Richard Madden,1
Lia McHugh,Salma Hayek,1
Ma Dong-seok,Richard Madden,1
Ma Dong-seok,Salma Hayek,1
Richard Madden,Salma Hayek,1
Jesse Plemons,Keri Russell,1
Anya Taylor-Joy,Thomasin McKenzie,1
Britt Robertson,Paul Giamatti,1
Chang Chen,Charlotte Rampling,1
Chang Chen,Dave Bautista,1
Chang Chen,David Dastmalchian,1
Chang Chen,Jason Momoa,1
Chang Chen,Javier Bardem,1
Chang Chen,Josh Brolin,1
Chang Chen,Oscar Isaac,1
Chang Chen,Rebecca Ferguson,1
Chang Chen,Sharon Duncan-Brewster,1
Chang Chen,Stellan Skarsgård,1
Chang Chen,Stephen McKinley Henderson,1
Chang Chen,Timothée Chalamet,1
Chang Chen,Zendaya,1
Charlotte Rampling,Dave Bautista,1
Charlotte Rampling,David Dastmalchian,1
Charlotte Rampling,Jason Momoa,1
Charlotte Rampling,Javier Bardem,1
Charlotte Rampling,Josh Brolin,1
Charlotte Rampling,Oscar Isaac,1
Charlotte Rampling,Rebecca Ferguson,1
Charlotte Rampling,Sharon Duncan-Brewster,1
Charlotte Rampling,Stellan Skarsgård,1
Charlotte Rampling,Stephen McKinley Henderson,1
Charlotte Rampling,Timothée Chalamet,1
Charlotte Rampling,Zendaya,1
Dave Bautista,David Dastmalchian,1
Dave Bautista,Jason Momoa,1
Dave Bautista,Javier Bardem,1
Dave Bautista,Josh Brolin,2
Dave Bautista,Oscar Isaac,1
Dave Bautista,Rebecca Ferguson,1
Dave Bautista,Sharon Duncan-Brewster,1
Dave Bautista,Stellan Skarsgård,1
Dave Bautista,Stephen McKinley Henderson,1
Dave Bautista,Timothée Chalamet,1
Dave Bautista,Zendaya,1
David Dastmalchian,Jason Momoa,1
David Dastmalchian,Javier Bardem,1
David Dastmalchian,Josh Brolin,1
David Dastmalchian,Oscar Isaac,1
David Dastmalchian,Rebecca Ferguson,1
David Dastmalchian,Sharon Duncan-Brewster,1
David Dastmalchian,Stellan Skarsgård,1
David Dastmalchian,Stephen McKinley Henderson,1
David Dastmalchian,Timothée Chalamet,1
David Dastmalchian,Zendaya,1
Jason Momoa,Javier Bardem,1
Jason Momoa,Josh Brolin,1
Jason Momoa,Oscar Isaac,1
Jason Momoa,Rebecca Ferguson,1
Jason Momoa,Sharon Duncan-Brewster,1
Jason Momoa,Stellan Skarsgård,1
Jason Momoa,Stephen McKinley Henderson,1
Jason Momoa,Timothée Chalamet,1
Jason Momoa,Zendaya,1
Javier Bardem,Josh Brolin,1
Javier Bardem,Oscar Isaac,1
Javier Bardem,Rebecca Ferguson,1
Javier Bardem,Sharon Duncan-Brewster,1
Javier Bardem,Stellan Skarsgård,1
Javier Bardem,Stephen McKinley Henderson,1
Javier Bardem,Timothée Chalamet,1
Javier Bardem,Zendaya,1
Josh Brolin,Oscar Isaac,1
Josh Brolin,Rebecca Ferguson,1
Josh Brolin,Sharon Duncan-Brewster,1
Josh Brolin,Stellan Skarsgård,1
Josh Brolin,Stephen McKinley Henderson,1
Josh Brolin,Timothée Chalamet,1
Josh Brolin,Zendaya,1
Oscar Isaac,Rebecca Ferguson,1
Oscar Isaac,Sharon Duncan-Brewster,1
Oscar Isaac,Stellan Skarsgård,1
Oscar Isaac,Stephen McKinley Henderson,1
Oscar Isaac,Timothée Chalamet,1
Oscar Isaac,Zendaya,1
Rebecca Ferguson,Sharon Duncan-Brewster,1
Rebecca Ferguson,Stellan Skarsgård,1
Rebecca Ferguson,Stephen McKinley Henderson,1
Rebecca Ferguson,Timothée Chalamet,1
Rebecca Ferguson,Zendaya,1
Sharon Duncan-Brewster,Stellan Skarsgård,1
Sharon Duncan-Brewster,Stephen McKinley Henderson,1
Sharon Duncan-Brewster,Timothée Chalamet,1
Sharon Duncan-Brewster,Zendaya,1
Stellan Skarsgård,Stephen McKinley Henderson,1
Stellan Skarsgård,Timothée Chalamet,1
Stellan Skarsgård,Zendaya,1
Stephen McKinley Henderson,Timothée Chalamet,1
Stephen McKinley Henderson,Zendaya,1
Timothée Chalamet,Zendaya,1
Anjelica Huston,Elisabeth Moss,1
Anjelica Huston,Léa Seydoux,1
Anjelica Huston,Saoirse Ronan,1
Anjelica Huston,Timothée Chalamet,1
Elisabeth Moss,Léa Seydoux,1
Elisabeth Moss,Saoirse Ronan,1
Elisabeth Moss,Timothée Chalamet,1
Léa Seydoux,Saoirse Ronan,1
Léa Seydoux,Timothée Chalamet,1
Saoirse Ronan,Timothée Chalamet,2
Andi Matichak,James Jude Courtney,1
Andi Matichak,Jamie Lee Curtis,1
Andi Matichak,Judy Greer,1
Andi Matichak,Nick Castle,1
Andi Matichak,Will Patton,1
James Jude Courtney,Jamie Lee Curtis,1
James Jude Courtney,Judy Greer,1
James Jude Courtney,Nick Castle,1
James Jude Courtney,Will Patton,1
Jamie Lee Curtis,Judy Greer,1
Jamie Lee Curtis,Nick Castle,1
Jamie Lee Curtis,Will Patton,1
Judy Greer,Nick Castle,1
Judy Greer,Will Patton,1
Nick Castle,Will Patton,1
Adam Driver,Ben Affleck,1
Adam Driver,Matt Damon,1
Ben Affleck,Matt Damon,2
Ana de Armas,Ben Whishaw,1
Ana de Armas,Daniel Craig,2
Ana de Armas,Lashana Lynch,1
Ana de Armas,Léa Seydoux,1
Ana de Armas,Naomie Harris,1
Ana de Armas,Rami Malek,1
Ben Whishaw,Daniel Craig,1
Ben Whishaw,Lashana Lynch,1
Ben Whishaw,Léa Seydoux,1
Ben Whishaw,Naomie Harris,1
Ben Whishaw,Rami Malek,1
Daniel Craig,Lashana Lynch,1
Daniel Craig,Léa Seydoux,1
Daniel Craig,Naomie Harris,1
Daniel Craig,Rami Malek,1
Lashana Lynch,Léa Seydoux,1
Lashana Lynch,Naomie Harris,1
Lashana Lynch,Rami Malek,1
Léa Seydoux,Naomie Harris,1
Léa Seydoux,Rami Malek,1
Naomie Harris,Rami Malek,1
Chloë Grace Moretz,Oscar Isaac,2
Oscar Isaac,Tiffany Haddish,1
Michael Keaton,Samuel L. Jackson,1
Chris Evans,Dwayne Johnson,1
Chris Evans,Ryan Reynolds,1
Dwayne Johnson,Ryan Reynolds,1
David Dastmalchian,Idris Elba,1
David Dastmalchian,Jai Courtney,1
David Dastmalchian,Joel Kinnaman,1
David Dastmalchian,John Cena,1
David Dastmalchian,Margot Robbie,1
David Dastmalchian,Peter Capaldi,1
David Dastmalchian,Pom Klementieff,1
David Dastmalchian,Viola Davis,1
Idris Elba,Jai Courtney,1
Idris Elba,Joel Kinnaman,1
Idris Elba,John Cena,1
Idris Elba,Margot Robbie,1
Idris Elba,Peter Capaldi,1
Idris Elba,Pom Klementieff,1
Idris Elba,Viola Davis,1
Jai Courtney,Joel Kinnaman,1
Jai Courtney,John Cena,1
Jai Courtney,Margot Robbie,1
Jai Courtney,Peter Capaldi,1
Jai Courtney,Pom Klementieff,1
Jai Courtney,Viola Davis,1
Joel Kinnaman,John Cena,1
Joel Kinnaman,Margot Robbie,1
Joel Kinnaman,Peter Capaldi,1
Joel Kinnaman,Pom Klementieff,1
Joel Kinnaman,Viola Davis,1
John Cena,Margot Robbie,1
John Cena,Peter Capaldi,1
John Cena,Pom Klementieff,1
John Cena,Viola Davis,1
Margot Robbie,Peter Capaldi,1
Margot Robbie,Pom Klementieff,1
Margot Robbie,Viola Davis,1
Peter Capaldi,Pom Klementieff,1
Peter Capaldi,Viola Davis,1
Pom Klementieff,Viola Davis,1
Awkwafina,Naomie Harris,1
Bill Skarsgård,Ed Skrein,1
Bill Skarsgård,John Boyega,1
Ed Skrein,John Boyega,1
Dwayne Johnson,Edgar Ramírez,1
Dwayne Johnson,Emily Blunt,1
Dwayne Johnson,Jack Whitehall,1
Dwayne Johnson,Jesse Plemons,1
Dwayne Johnson,Paul Giamatti,1
Edgar Ramírez,Emily Blunt,1
Edgar Ramírez,Jack Whitehall,1
Edgar Ramírez,Jesse Plemons,1
Edgar Ramírez,Paul Giamatti,1
Emily Blunt,Jack Whitehall,1
Emily Blunt,Jesse Plemons,1
Emily Blunt,Paul Giamatti,1
Jack Whitehall,Jesse Plemons,1
Jack Whitehall,Paul Giamatti,1
Jesse Plemons,Paul Giamatti,1
Barry Keoghan,Ralph Ineson,1
Benedict Wong,Bill Skarsgård,1
Aaron Pierre,Abbey Lee,1
Aaron Pierre,Alex Wolff,1
Aaron Pierre,Eliza Scanlen,1
Aaron Pierre,Embeth Davidtz,1
Aaron Pierre,Emun Elliott,1
Aaron Pierre,Gael García Bernal,1
Aaron Pierre,Ken Leung,1
Aaron Pierre,Nikki Amuka-Bird,1
Aaron Pierre,Rufus Sewell,1
Aaron Pierre,Thomasin McKenzie,1
Aaron Pierre,Vicky Krieps,1
Abbey Lee,Alex Wolff,1
Abbey Lee,Eliza Scanlen,1
Abbey Lee,Embeth Davidtz,1
Abbey Lee,Emun Elliott,1
Abbey Lee,Gael García Bernal,1
Abbey Lee,Ken Leung,1
Abbey Lee,Nikki Amuka-Bird,1
Abbey Lee,Rufus Sewell,1
Abbey Lee,Thomasin McKenzie,1
Abbey Lee,Vicky Krieps,1
Alex Wolff,Eliza Scanlen,1
Alex Wolff,Embeth Davidtz,1
Alex Wolff,Emun Elliott,1
Alex Wolff,Gael García Bernal,1
Alex Wolff,Ken Leung,1
Alex Wolff,Nikki Amuka-Bird,1
Alex Wolff,Rufus Sewell,1
Alex Wolff,Thomasin McKenzie,1
Alex Wolff,Vicky Krieps,1
Eliza Scanlen,Embeth Davidtz,1
Eliza Scanlen,Emun Elliott,1
Eliza Scanlen,Gael García Bernal,1
Eliza Scanlen,Ken Leung,1
Eliza Scanlen,Nikki Amuka-Bird,1
Eliza Scanlen,Rufus Sewell,1
Eliza Scanlen,Thomasin McKenzie,1
Eliza Scanlen,Vicky Krieps,1
Embeth Davidtz,Emun Elliott,1
Embeth Davidtz,Gael García Bernal,1
Embeth Davidtz,Ken Leung,1
Embeth Davidtz,Nikki Amuka-Bird,1
Embeth Davidtz,Rufus Sewell,1
Embeth Davidtz,Thomasin McKenzie,1
Embeth Davidtz,Vicky Krieps,1
Emun Elliott,Gael García Bernal,1
Emun Elliott,Ken Leung,1
Emun Elliott,Nikki Amuka-Bird,1
Emun Elliott,Rufus Sewell,1
Emun Elliott,Thomasin McKenzie,1
Emun Elliott,Vicky Krieps,1
Gael García Bernal,Ken Leung,1
Gael García Bernal,Nikki Amuka-Bird,1
Gael García Bernal,Rufus Sewell,1
Gael García Bernal,Thomasin McKenzie,1
Gael García Bernal,Vicky Krieps,1
Ken Leung,Nikki Amuka-Bird,1
Ken Leung,Rufus Sewell,1
Ken Leung,Thomasin McKenzie,1
Ken Leung,Vicky Krieps,1
Nikki Amuka-Bird,Rufus Sewell,1
Nikki Amuka-Bird,Thomasin McKenzie,1
Nikki Amuka-Bird,Vicky Krieps,1
Rufus Sewell,Thomasin McKenzie,1
Rufus Sewell,Vicky Krieps,1
Thomasin McKenzie,Vicky Krieps,1
Henry Golding,Samara Weaving,1
Damian Lillard,Diana Taurasi,1
Damian Lillard,Don Cheadle,1
Damian Lillard,Klay Thompson,1
Damian Lillard,LeBron James,1
Damian Lillard,Nneka Ogwumike,1
Damian Lillard,Zendaya,1
Diana Taurasi,Don Cheadle,1
Diana Taurasi,Klay Thompson,1
Diana Taurasi,LeBron James,1
Diana Taurasi,Nneka Ogwumike,1
Diana Taurasi,Zendaya,1
Don Cheadle,Klay Thompson,1
Don Cheadle,LeBron James,1
Don Cheadle,Nneka Ogwumike,1
Don Cheadle,Zendaya,1
Klay Thompson,LeBron James,1
Klay Thompson,Nneka Ogwumike,1
Klay Thompson,Zendaya,1
LeBron James,Nneka Ogwumike,1
LeBron James,Zendaya,1
Nneka Ogwumike,Zendaya,1
David Harbour,Florence Pugh,1
David Harbour,Jeremy Renner,1
David Harbour,O.T. Fagbenle,1
David Harbour,Rachel Weisz,1
David Harbour,Ray Winstone,1
David Harbour,Scarlett Johansson,1
Florence Pugh,Jeremy Renner,1
Florence Pugh,O.T. Fagbenle,1
Florence Pugh,Rachel Weisz,1
Florence Pugh,Ray Winstone,1
Florence Pugh,Scarlett Johansson,1
Jeremy Renner,O.T. Fagbenle,1
Jeremy Renner,Rachel Weisz,1
Jeremy Renner,Ray Winstone,1
Jeremy Renner,Scarlett Johansson,2
O.T. Fagbenle,Rachel Weisz,1
O.T. Fagbenle,Ray Winstone,1
O.T. Fagbenle,Scarlett Johansson,1
Rachel Weisz,Ray Winstone,1
Rachel Weisz,Scarlett Johansson,1
Ray Winstone,Scarlett Johansson,1
Alejandro Edda,Ana de la Reguera,1
Alejandro Edda,Cassidy Freeman,1
Alejandro Edda,Josh Lucas,1
Alejandro Edda,Leven Rambin,1
Alejandro Edda,Tenoch Huerta,1
Alejandro Edda,Will Patton,1
Ana de la Reguera,Cassidy Freeman,1
Ana de la Reguera,Josh Lucas,1
Ana de la Reguera,Leven Rambin,1
Ana de la Reguera,Tenoch Huerta,1
Ana de la Reguera,Will Patton,1
Cassidy Freeman,Josh Lucas,1
Cassidy Freeman,Leven Rambin,1
Cassidy Freeman,Tenoch Huerta,1
Cassidy Freeman,Will Patton,1
Josh Lucas,Leven Rambin,1
Josh Lucas,Tenoch Huerta,1
Josh Lucas,Will Patton,1
Leven Rambin,Tenoch Huerta,1
Leven Rambin,Will Patton,1
Tenoch Huerta,Will Patton,1
Elizabeth Debicki,Margot Robbie,1
Elizabeth Debicki,Rose Byrne,1
Margot Robbie,Rose Byrne,1
Eiza González,Jake Gyllenhaal,1
Eiza González,Mckenna Grace,1
Jake Gyllenhaal,Mckenna Grace,1
Jason Statham,Rob Delaney,1
Chin Han,Hiroyuki Sanada,1
Chin Han,Jessica McNamee,1
Chin Han,Joe Taslim,1
Chin Han,Josh Lawson,1
Chin Han,Lewis Tan,1
Chin Han,Ludi Lin,1
Chin Han,Mehcad Brooks,1
Chin Han,Tadanobu Asano,1
Hiroyuki Sanada,Jessica McNamee,1
Hiroyuki Sanada,Joe Taslim,1
Hiroyuki Sanada,Josh Lawson,1
Hiroyuki Sanada,Lewis Tan,1
Hiroyuki Sanada,Ludi Lin,1
Hiroyuki Sanada,Mehcad Brooks,1
Hiroyuki Sanada,Tadanobu Asano,1
Jessica McNamee,Joe Taslim,1
Jessica McNamee,Josh Lawson,1
Jessica McNamee,Lewis Tan,1
Jessica McNamee,Ludi Lin,1
Jessica McNamee,Mehcad Brooks,1
Jessica McNamee,Tadanobu Asano,1
Joe Taslim,Josh Lawson,1
Joe Taslim,Lewis Tan,1
Joe Taslim,Ludi Lin,1
Joe Taslim,Mehcad Brooks,1
Joe Taslim,Tadanobu Asano,1
Josh Lawson,Lewis Tan,1
Josh Lawson,Ludi Lin,1
Josh Lawson,Mehcad Brooks,1
Josh Lawson,Tadanobu Asano,1
Lewis Tan,Ludi Lin,1
Lewis Tan,Mehcad Brooks,1
Lewis Tan,Tadanobu Asano,1
Ludi Lin,Mehcad Brooks,1
Ludi Lin,Tadanobu Asano,1
Mehcad Brooks,Tadanobu Asano,1
Owain Yeoman,Sam Heughan,1
Alexander Skarsgård,Brian Tyree Henry,1
Alexander Skarsgård,Eiza González,1
Alexander Skarsgård,Lance Reddick,1
Alexander Skarsgård,Millie Bobby Brown,1
Brian Tyree Henry,Eiza González,1
Brian Tyree Henry,Lance Reddick,1
Brian Tyree Henry,Millie Bobby Brown,1
Eiza González,Lance Reddick,1
Eiza González,Millie Bobby Brown,1
Lance Reddick,Millie Bobby Brown,1
Awkwafina,Benedict Wong,1
Awkwafina,Gemma Chan,1
Benedict Wong,Gemma Chan,1
Daisy Ridley,Nick Jonas,1
Daisy Ridley,Tom Holland,1
Nick Jonas,Tom Holland,1
Evangeline Lilly,Michelle Rodriguez,1
Jesse Plemons,Lakeith Stanfield,1
Benedict Cumberbatch,Zachary Levi,1
Jared Leto,Rami Malek,1
Abigail Breslin,Matt Damon,1
Chris Pine,Gal Gadot,1
Chris Pine,Kristen Wiig,1
Chris Pine,Pedro Pascal,1
Chris Pine,Saïd Taghmaoui,1
Gal Gadot,Kristen Wiig,1
Gal Gadot,Pedro Pascal,1
Gal Gadot,Saïd Taghmaoui,1
Kristen Wiig,Pedro Pascal,1
Kristen Wiig,Saïd Taghmaoui,1
Pedro Pascal,Saïd Taghmaoui,1
Helena Zengel,Tom Hanks,1
Milla Jovovich,Tony Jaa,1
Emma Stone,Ryan Reynolds,1
Azhy Robertson,Gillian Jacobs,1
Oakes Fegley,Robert De Niro,1
Elizabeth Debicki,John David Washington,1
Elizabeth Debicki,Kenneth Branagh,1
Elizabeth Debicki,Michael Caine,1
Elizabeth Debicki,Robert Pattinson,1
John David Washington,Kenneth Branagh,1
John David Washington,Michael Caine,1
John David Washington,Robert Pattinson,1
Kenneth Branagh,Michael Caine,1
Kenneth Branagh,Robert Pattinson,1
Michael Caine,Robert Pattinson,1
Ken Jeong,Mckenna Grace,1
Benedict Cumberbatch,Dean-Charles Chapman,1
Benedict Cumberbatch,George MacKay,1
Benedict Cumberbatch,Richard Madden,1
Dean-Charles Chapman,George MacKay,1
Dean-Charles Chapman,Richard Madden,1
George MacKay,Richard Madden,1
Alex Wolff,Awkwafina,1
Alex Wolff,Danny DeVito,1
Alex Wolff,Dwayne Johnson,1
Alex Wolff,Jack Black,1
Alex Wolff,Karen Gillan,1
Alex Wolff,Kevin Hart,1
Alex Wolff,Nick Jonas,1
Awkwafina,Danny DeVito,1
Awkwafina,Dwayne Johnson,1
Awkwafina,Jack Black,1
Awkwafina,Karen Gillan,1
Awkwafina,Kevin Hart,1
Awkwafina,Nick Jonas,1
Danny DeVito,Dwayne Johnson,1
Danny DeVito,Jack Black,1
Danny DeVito,Karen Gillan,1
Danny DeVito,Kevin Hart,1
Danny DeVito,Nick Jonas,1
Dwayne Johnson,Jack Black,1
Dwayne Johnson,Karen Gillan,1
Dwayne Johnson,Kevin Hart,1
Dwayne Johnson,Nick Jonas,1
Jack Black,Karen Gillan,1
Jack Black,Kevin Hart,1
Jack Black,Nick Jonas,1
Karen Gillan,Kevin Hart,1
Karen Gillan,Nick Jonas,1
Kevin Hart,Nick Jonas,1
Jason Mantzoukas,John Cena,1
Jason Mantzoukas,Kumail Nanjiani,1
Jason Mantzoukas,Ralph Ineson,1
Jason Mantzoukas,Rami Malek,1
Jason Mantzoukas,Robert Downey Jr.,1
Jason Mantzoukas,Tom Holland,1
John Cena,Kumail Nanjiani,1
John Cena,Ralph Ineson,1
John Cena,Rami Malek,1
John Cena,Robert Downey Jr.,1
John Cena,Tom Holland,1
Kumail Nanjiani,Ralph Ineson,1
Kumail Nanjiani,Rami Malek,1
Kumail Nanjiani,Robert Downey Jr.,1
Kumail Nanjiani,Tom Holland,1
Ralph Ineson,Rami Malek,1
Ralph Ineson,Robert Downey Jr.,1
Ralph Ineson,Tom Holland,1
Rami Malek,Robert Downey Jr.,1
Rami Malek,Tom Holland,1
Robert Downey Jr.,Tom Holland,2
Elisabeth Moss,Oliver Jackson-Cohen,1
Harrison Ford,Karen Gillan,1
Harrison Ford,Terry Notary,1
Karen Gillan,Terry Notary,2
Ali Wong,Chris Pratt,1
Ali Wong,Tom Holland,1
Chris Pratt,Tom Holland,2
Eliza Scanlen,Emma Watson,1
Eliza Scanlen,Florence Pugh,1
Eliza Scanlen,Saoirse Ronan,1
Eliza Scanlen,Timothée Chalamet,1
Emma Watson,Florence Pugh,1
Emma Watson,Saoirse Ronan,1
Emma Watson,Timothée Chalamet,1
Florence Pugh,Saoirse Ronan,1
Florence Pugh,Timothée Chalamet,1
Charlie Hunnam,Colin Farrell,1
Charlie Hunnam,Henry Golding,1
Charlie Hunnam,Hugh Grant,1
Charlie Hunnam,Matthew McConaughey,1
Charlie Hunnam,Michelle Dockery,1
Colin Farrell,Henry Golding,1
Colin Farrell,Hugh Grant,1
Colin Farrell,Matthew McConaughey,1
Colin Farrell,Michelle Dockery,1
Henry Golding,Hugh Grant,1
Henry Golding,Matthew McConaughey,1
Henry Golding,Michelle Dockery,1
Hugh Grant,Matthew McConaughey,1
Hugh Grant,Michelle Dockery,1
Matthew McConaughey,Michelle Dockery,1
Ana de Armas,Chris Evans,1
Ana de Armas,Christopher Plummer,1
Ana de Armas,Don Johnson,1
Ana de Armas,Jaeden Martell,1
Ana de Armas,Jamie Lee Curtis,1
Ana de Armas,Katherine Langford,1
Ana de Armas,Lakeith Stanfield,1
Ana de Armas,Michael Shannon,1
Ana de Armas,Toni Collette,1
Chris Evans,Christopher Plummer,1
Chris Evans,Daniel Craig,1
Chris Evans,Don Johnson,1
Chris Evans,Jaeden Martell,1
Chris Evans,Jamie Lee Curtis,1
Chris Evans,Katherine Langford,1
Chris Evans,Lakeith Stanfield,1
Chris Evans,Michael Shannon,1
Chris Evans,Toni Collette,1
Christopher Plummer,Daniel Craig,1
Christopher Plummer,Don Johnson,1
Christopher Plummer,Jaeden Martell,1
Christopher Plummer,Jamie Lee Curtis,1
Christopher Plummer,Katherine Langford,1
Christopher Plummer,Lakeith Stanfield,1
Christopher Plummer,Michael Shannon,1
Christopher Plummer,Toni Collette,1
Daniel Craig,Don Johnson,1
Daniel Craig,Jaeden Martell,1
Daniel Craig,Jamie Lee Curtis,1
Daniel Craig,Katherine Langford,1
Daniel Craig,Lakeith Stanfield,1
Daniel Craig,Michael Shannon,1
Daniel Craig,Toni Collette,1
Don Johnson,Jaeden Martell,1
Don Johnson,Jamie Lee Curtis,1
Don Johnson,Katherine Langford,1
Don Johnson,Lakeith Stanfield,1
Don Johnson,Michael Shannon,1
Don Johnson,Toni Collette,1
Jaeden Martell,Jamie Lee Curtis,1
Jaeden Martell,Katherine Langford,1
Jaeden Martell,Lakeith Stanfield,1
Jaeden Martell,Michael Shannon,1
Jaeden Martell,Toni Collette,1
Jamie Lee Curtis,Katherine Langford,1
Jamie Lee Curtis,Lakeith Stanfield,1
Jamie Lee Curtis,Michael Shannon,1
Jamie Lee Curtis,Toni Collette,1
Katherine Langford,Lakeith Stanfield,1
Katherine Langford,Michael Shannon,1
Katherine Langford,Toni Collette,1
Lakeith Stanfield,Michael Shannon,1
Lakeith Stanfield,Toni Collette,1
Michael Shannon,Toni Collette,1
Anya Taylor-Joy,Blu Hunt,1
Anya Taylor-Joy,Charlie Heaton,1
Anya Taylor-Joy,Henry Zaga,1
Anya Taylor-Joy,Maisie Williams,1
Blu Hunt,Charlie Heaton,1
Blu Hunt,Henry Zaga,1
Blu Hunt,Maisie Williams,1
Charlie Heaton,Henry Zaga,1
Charlie Heaton,Maisie Williams,1
Henry Zaga,Maisie Williams,1
Rose Byrne,Salma Hayek,1
Rose Byrne,Tiffany Haddish,1
Salma Hayek,Tiffany Haddish,1
Caren Pistorius,Russell Crowe,1
Issa Rae,Lakeith Stanfield,1
Ben Mendelsohn,Karen Gillan,1
Ben Mendelsohn,Tom Holland,2
Ben Mendelsohn,Will Smith,1
Karen Gillan,Tom Holland,2
Karen Gillan,Will Smith,1
Tom Holland,Will Smith,1
Brooklynn Prince,Finn Wolfhard,1
Jai Courtney,Kate Walsh,1
Jai Courtney,Liam Neeson,1
Kate Walsh,Liam Neeson,1
Lakeith Stanfield,Pom Klementieff,1
Christopher Convery,Katie Holmes,1
Christopher Convery,Owain Yeoman,1
Christopher Convery,Ralph Ineson,1
Katie Holmes,Owain Yeoman,1
Katie Holmes,Ralph Ineson,1
Owain Yeoman,Ralph Ineson,1
Rebel Wilson,Scarlett Johansson,1
Rebel Wilson,Thomasin McKenzie,1
Scarlett Johansson,Thomasin McKenzie,1
Britt Robertson,K.J. Apa,1
Eiza González,Guy Pearce,1
Eiza González,Sam Heughan,1
Eiza González,Toby Kebbell,1
Eiza González,Vin Diesel,1
Guy Pearce,Sam Heughan,1
Guy Pearce,Toby Kebbell,1
Guy Pearce,Vin Diesel,1
Sam Heughan,Toby Kebbell,1
Sam Heughan,Vin Diesel,1
Toby Kebbell,Vin Diesel,1
Idris Elba,Jennifer Hudson,1
Idris Elba,Mette Towley,1
Idris Elba,Ray Winstone,1
Idris Elba,Rebel Wilson,1
Jennifer Hudson,Mette Towley,1
Jennifer Hudson,Ray Winstone,1
Jennifer Hudson,Rebel Wilson,1
Mette Towley,Ray Winstone,1
Mette Towley,Rebel Wilson,1
Ray Winstone,Rebel Wilson,1
Josh Lawson,Margot Robbie,1
Josh Lawson,Rob Delaney,1
Margot Robbie,Rob Delaney,1
Keanu Reeves,Samara Weaving,1
Christopher Plummer,Samuel L. Jackson,1
Christopher Plummer,Sebastian Stan,1
Samuel L. Jackson,Sebastian Stan,2
Jaeden Martell,Lia McHugh,1
Brian Tyree Henry,Joaquin Phoenix,1
Brian Tyree Henry,Robert De Niro,1
Joaquin Phoenix,Robert De Niro,1
Ben Affleck,Chris Hemsworth,1
Ben Affleck,David Dastmalchian,1
Chris Hemsworth,David Dastmalchian,1
Chris Hemsworth,Matt Damon,1
David Dastmalchian,Matt Damon,1
Guy Pearce,Vicky Krieps,1
Chloë Grace Moretz,Finn Wolfhard,1
Chloë Grace Moretz,Pom Klementieff,1
Finn Wolfhard,Oscar Isaac,1
Finn Wolfhard,Pom Klementieff,1
Oscar Isaac,Pom Klementieff,1
Angelina Jolie,Ed Skrein,1
Angelina Jolie,Elle Fanning,1
Angelina Jolie,Imelda Staunton,1
Angelina Jolie,Michelle Pfeiffer,1
Ed Skrein,Elle Fanning,1
Ed Skrein,Imelda Staunton,1
Ed Skrein,Michelle Pfeiffer,1
Elle Fanning,Imelda Staunton,1
Elle Fanning,Michelle Pfeiffer,1
Imelda Staunton,Michelle Pfeiffer,1
Anthony Mackie,Kristen Stewart,1
Ana de Armas,Joel Kinnaman,1
Dennis Quaid,Ed Skrein,1
Dennis Quaid,Nick Jonas,1
Dennis Quaid,Patrick Wilson,1
Dennis Quaid,Tadanobu Asano,1
Dennis Quaid,Woody Harrelson,1
Ed Skrein,Nick Jonas,1
Ed Skrein,Patrick Wilson,1
Ed Skrein,Tadanobu Asano,1
Ed Skrein,Woody Harrelson,1
Nick Jonas,Patrick Wilson,1
Nick Jonas,Tadanobu Asano,1
Nick Jonas,Woody Harrelson,1
Patrick Wilson,Tadanobu Asano,1
Patrick Wilson,Woody Harrelson,1
Tadanobu Asano,Woody Harrelson,1
Chris Messina,Joel Kinnaman,1
Angelina Jolie,Michael Caine,1
Ed Skrein,Eiza González,1
Ed Skrein,Jai Courtney,1
Ed Skrein,Michelle Rodriguez,1
Eiza González,Jai Courtney,1
Eiza González,Michelle Rodriguez,1
Jai Courtney,Michelle Rodriguez,1
Abigail Breslin,Emma Stone,1
Abigail Breslin,Woody Harrelson,1
Emma Stone,Woody Harrelson,1
John Cena,Judy Greer,1
Ewan McGregor,Rebecca Ferguson,1
Jai Courtney,Judy Greer,1
Ben Mendelsohn,Eliza Scanlen,1
Elle Fanning,Javier Bardem,1
Elle Fanning,Salma Hayek,1
Javier Bardem,Salma Hayek,1
Elle Fanning,Timothée Chalamet,1
Cardi B,Constance Wu,1
Cardi B,Jennifer Lopez,1
Cardi B,Julia Stiles,1
Cardi B,Keke Palmer,1
Cardi B,Lili Reinhart,1
Cardi B,Lizzo,1
Cardi B,Madeline Brewer,1
Cardi B,Mette Towley,1
Cardi B,Trace Lysette,1
Constance Wu,Jennifer Lopez,1
Constance Wu,Julia Stiles,1
Constance Wu,Keke Palmer,1
Constance Wu,Lili Reinhart,1
Constance Wu,Lizzo,1
Constance Wu,Madeline Brewer,1
Constance Wu,Mette Towley,1
Constance Wu,Trace Lysette,1
Jennifer Lopez,Julia Stiles,1
Jennifer Lopez,Keke Palmer,1
Jennifer Lopez,Lili Reinhart,1
Jennifer Lopez,Lizzo,1
Jennifer Lopez,Madeline Brewer,1
Jennifer Lopez,Mette Towley,1
Jennifer Lopez,Trace Lysette,1
Julia Stiles,Keke Palmer,1
Julia Stiles,Lili Reinhart,1
Julia Stiles,Lizzo,1
Julia Stiles,Madeline Brewer,1
Julia Stiles,Mette Towley,1
Julia Stiles,Trace Lysette,1
Keke Palmer,Lili Reinhart,1
Keke Palmer,Lizzo,1
Keke Palmer,Madeline Brewer,1
Keke Palmer,Mette Towley,1
Keke Palmer,Trace Lysette,1
Lili Reinhart,Lizzo,1
Lili Reinhart,Madeline Brewer,1
Lili Reinhart,Mette Towley,1
Lili Reinhart,Trace Lysette,1
Lizzo,Madeline Brewer,1
Lizzo,Mette Towley,1
Lizzo,Trace Lysette,1
Madeline Brewer,Mette Towley,1
Madeline Brewer,Trace Lysette,1
Mette Towley,Trace Lysette,1
Logan Miller,Taylor Russell,1
Bryan Cranston,Kevin Hart,1
Anya Taylor-Joy,Bruce Willis,1
Anya Taylor-Joy,James McAvoy,1
Anya Taylor-Joy,Samuel L. Jackson,1
Bruce Willis,James McAvoy,1
Bruce Willis,Samuel L. Jackson,1
James McAvoy,Samuel L. Jackson,1
Djimon Hounsou,Matthew McConaughey,1
Annette Bening,Ben Mendelsohn,1
Annette Bening,Brie Larson,1
Annette Bening,Chris Evans,1
Annette Bening,Clark Gregg,1
Annette Bening,Djimon Hounsou,1
Annette Bening,Don Cheadle,1
Annette Bening,Gemma Chan,1
Annette Bening,Lashana Lynch,1
Annette Bening,Lee Pace,1
Annette Bening,Mark Ruffalo,1
Annette Bening,Mckenna Grace,1
Annette Bening,Samuel L. Jackson,1
Annette Bening,Scarlett Johansson,1
Ben Mendelsohn,Brie Larson,1
Ben Mendelsohn,Chris Evans,1
Ben Mendelsohn,Clark Gregg,1
Ben Mendelsohn,Djimon Hounsou,1
Ben Mendelsohn,Don Cheadle,1
Ben Mendelsohn,Gemma Chan,1
Ben Mendelsohn,Lashana Lynch,1
Ben Mendelsohn,Lee Pace,1
Ben Mendelsohn,Mark Ruffalo,1
Ben Mendelsohn,Mckenna Grace,1
Ben Mendelsohn,Samuel L. Jackson,2
Ben Mendelsohn,Scarlett Johansson,1
Brie Larson,Chris Evans,2
Brie Larson,Clark Gregg,1
Brie Larson,Djimon Hounsou,1
Brie Larson,Don Cheadle,2
Brie Larson,Gemma Chan,1
Brie Larson,Lashana Lynch,1
Brie Larson,Lee Pace,1
Brie Larson,Mark Ruffalo,2
Brie Larson,Mckenna Grace,1
Brie Larson,Samuel L. Jackson,2
Brie Larson,Scarlett Johansson,2
Chris Evans,Clark Gregg,1
Chris Evans,Djimon Hounsou,1
Chris Evans,Don Cheadle,2
Chris Evans,Gemma Chan,1
Chris Evans,Lashana Lynch,1
Chris Evans,Lee Pace,1
Chris Evans,Mark Ruffalo,2
Chris Evans,Mckenna Grace,1
Chris Evans,Samuel L. Jackson,2
Chris Evans,Scarlett Johansson,2
Clark Gregg,Djimon Hounsou,1
Clark Gregg,Don Cheadle,1
Clark Gregg,Gemma Chan,1
Clark Gregg,Lashana Lynch,1
Clark Gregg,Lee Pace,1
Clark Gregg,Mark Ruffalo,1
Clark Gregg,Mckenna Grace,1
Clark Gregg,Samuel L. Jackson,1
Clark Gregg,Scarlett Johansson,1
Djimon Hounsou,Don Cheadle,1
Djimon Hounsou,Gemma Chan,1
Djimon Hounsou,Lashana Lynch,1
Djimon Hounsou,Lee Pace,1
Djimon Hounsou,Mark Ruffalo,1
Djimon Hounsou,Mckenna Grace,1
Djimon Hounsou,Samuel L. Jackson,1
Djimon Hounsou,Scarlett Johansson,1
Don Cheadle,Gemma Chan,1
Don Cheadle,Lashana Lynch,1
Don Cheadle,Lee Pace,1
Don Cheadle,Mark Ruffalo,2
Don Cheadle,Mckenna Grace,1
Don Cheadle,Samuel L. Jackson,2
Don Cheadle,Scarlett Johansson,2
Gemma Chan,Lashana Lynch,1
Gemma Chan,Lee Pace,1
Gemma Chan,Mark Ruffalo,1
Gemma Chan,Mckenna Grace,1
Gemma Chan,Samuel L. Jackson,1
Gemma Chan,Scarlett Johansson,1
Lashana Lynch,Lee Pace,1
Lashana Lynch,Mark Ruffalo,1
Lashana Lynch,Mckenna Grace,1
Lashana Lynch,Samuel L. Jackson,1
Lashana Lynch,Scarlett Johansson,1
Lee Pace,Mark Ruffalo,1
Lee Pace,Mckenna Grace,1
Lee Pace,Samuel L. Jackson,1
Lee Pace,Scarlett Johansson,1
Mark Ruffalo,Mckenna Grace,1
Mark Ruffalo,Samuel L. Jackson,2
Mark Ruffalo,Scarlett Johansson,2
Mckenna Grace,Samuel L. Jackson,1
Mckenna Grace,Scarlett Johansson,1
Samuel L. Jackson,Scarlett Johansson,2
Madeline Brewer,Vera Farmiga,1
Alexander Skarsgård,Salma Hayek,1
Elisabeth Moss,Lupita Nyong'o,1
Elisabeth Moss,Yahya Abdul-Mateen II,1
Lupita Nyong'o,Yahya Abdul-Mateen II,1
Colin Farrell,Danny DeVito,1
Colin Farrell,Eva Green,1
Colin Farrell,Michael Keaton,1
Danny DeVito,Eva Green,1
Danny DeVito,Michael Keaton,1
Eva Green,Michael Keaton,1
Martin Lawrence,Matthew McConaughey,1
Djimon Hounsou,Zachary Levi,1
Adam Driver,Stellan Skarsgård,1
David Harbour,Ian McShane,1
David Harbour,Milla Jovovich,1
Ian McShane,Milla Jovovich,1
Dave Bautista,Tony Jaa,1
Anthony Mackie,Benedict Cumberbatch,1
Anthony Mackie,Benedict Wong,1
Anthony Mackie,Brie Larson,1
Anthony Mackie,Chadwick Boseman,1
Anthony Mackie,Chris Evans,1
Anthony Mackie,Chris Hemsworth,1
Anthony Mackie,Chris Pratt,1
Anthony Mackie,Danai Gurira,1
Anthony Mackie,Dave Bautista,1
Anthony Mackie,Don Cheadle,1
Anthony Mackie,Elizabeth Olsen,1
Anthony Mackie,Evangeline Lilly,1
Anthony Mackie,Gwyneth Paltrow,1
Anthony Mackie,Hiroyuki Sanada,1
Anthony Mackie,Jeremy Renner,1
Anthony Mackie,Jon Favreau,1
Anthony Mackie,Josh Brolin,1
Anthony Mackie,Karen Gillan,1
Anthony Mackie,Ken Jeong,1
Anthony Mackie,Letitia Wright,1
Anthony Mackie,Mark Ruffalo,1
Anthony Mackie,Michelle Pfeiffer,1
Anthony Mackie,Paul Rudd,1
Anthony Mackie,Pom Klementieff,1
Anthony Mackie,Robert Downey Jr.,1
Anthony Mackie,Samuel L. Jackson,1
Anthony Mackie,Scarlett Johansson,1
Anthony Mackie,Sebastian Stan,1
Anthony Mackie,Terry Notary,1
Anthony Mackie,Tom Hiddleston,1
Anthony Mackie,Tom Holland,1
Anthony Mackie,Vin Diesel,1
Anthony Mackie,Zoe Saldana,1
Benedict Cumberbatch,Brie Larson,1
Benedict Cumberbatch,Chadwick Boseman,1
Benedict Cumberbatch,Chris Evans,1
Benedict Cumberbatch,Chris Hemsworth,1
Benedict Cumberbatch,Chris Pratt,1
Benedict Cumberbatch,Danai Gurira,1
Benedict Cumberbatch,Dave Bautista,1
Benedict Cumberbatch,Don Cheadle,1
Benedict Cumberbatch,Elizabeth Olsen,1
Benedict Cumberbatch,Evangeline Lilly,1
Benedict Cumberbatch,Gwyneth Paltrow,1
Benedict Cumberbatch,Hiroyuki Sanada,1
Benedict Cumberbatch,Jeremy Renner,1
Benedict Cumberbatch,Josh Brolin,1
Benedict Cumberbatch,Karen Gillan,1
Benedict Cumberbatch,Ken Jeong,1
Benedict Cumberbatch,Letitia Wright,1
Benedict Cumberbatch,Mark Ruffalo,1
Benedict Cumberbatch,Michelle Pfeiffer,1
Benedict Cumberbatch,Paul Rudd,1
Benedict Cumberbatch,Pom Klementieff,1
Benedict Cumberbatch,Robert Downey Jr.,1
Benedict Cumberbatch,Samuel L. Jackson,1
Benedict Cumberbatch,Scarlett Johansson,1
Benedict Cumberbatch,Sebastian Stan,1
Benedict Cumberbatch,Terry Notary,1
Benedict Cumberbatch,Tom Hiddleston,1
Benedict Cumberbatch,Vin Diesel,1
Benedict Cumberbatch,Zoe Saldana,1
Benedict Wong,Brie Larson,1
Benedict Wong,Chadwick Boseman,1
Benedict Wong,Chris Evans,1
Benedict Wong,Chris Hemsworth,1
Benedict Wong,Chris Pratt,1
Benedict Wong,Danai Gurira,1
Benedict Wong,Dave Bautista,1
Benedict Wong,Don Cheadle,1
Benedict Wong,Elizabeth Olsen,1
Benedict Wong,Evangeline Lilly,1
Benedict Wong,Gwyneth Paltrow,1
Benedict Wong,Hiroyuki Sanada,1
Benedict Wong,Jeremy Renner,1
Benedict Wong,Josh Brolin,1
Benedict Wong,Karen Gillan,1
Benedict Wong,Ken Jeong,1
Benedict Wong,Letitia Wright,1
Benedict Wong,Mark Ruffalo,1
Benedict Wong,Michelle Pfeiffer,1
Benedict Wong,Paul Rudd,1
Benedict Wong,Pom Klementieff,1
Benedict Wong,Robert Downey Jr.,1
Benedict Wong,Samuel L. Jackson,1
Benedict Wong,Scarlett Johansson,1
Benedict Wong,Sebastian Stan,1
Benedict Wong,Terry Notary,1
Benedict Wong,Tom Hiddleston,1
Benedict Wong,Vin Diesel,1
Benedict Wong,Zoe Saldana,1
Brie Larson,Chadwick Boseman,1
Brie Larson,Chris Hemsworth,1
Brie Larson,Chris Pratt,1
Brie Larson,Danai Gurira,1
Brie Larson,Dave Bautista,1
Brie Larson,Elizabeth Olsen,1
Brie Larson,Evangeline Lilly,1
Brie Larson,Gwyneth Paltrow,1
Brie Larson,Hiroyuki Sanada,1
Brie Larson,Jeremy Renner,1
Brie Larson,Jon Favreau,1
Brie Larson,Josh Brolin,1
Brie Larson,Karen Gillan,1
Brie Larson,Ken Jeong,1
Brie Larson,Letitia Wright,1
Brie Larson,Michelle Pfeiffer,1
Brie Larson,Paul Rudd,1
Brie Larson,Pom Klementieff,1
Brie Larson,Robert Downey Jr.,1
Brie Larson,Sebastian Stan,1
Brie Larson,Terry Notary,1
Brie Larson,Tom Hiddleston,1
Brie Larson,Tom Holland,1
Brie Larson,Vin Diesel,1
Brie Larson,Zoe Saldana,1
Chadwick Boseman,Chris Evans,1
Chadwick Boseman,Chris Hemsworth,1
Chadwick Boseman,Chris Pratt,1
Chadwick Boseman,Danai Gurira,1
Chadwick Boseman,Dave Bautista,1
Chadwick Boseman,Don Cheadle,1
Chadwick Boseman,Elizabeth Olsen,1
Chadwick Boseman,Evangeline Lilly,1
Chadwick Boseman,Gwyneth Paltrow,1
Chadwick Boseman,Hiroyuki Sanada,1
Chadwick Boseman,Jeremy Renner,1
Chadwick Boseman,Jon Favreau,1
Chadwick Boseman,Josh Brolin,1
Chadwick Boseman,Karen Gillan,1
Chadwick Boseman,Ken Jeong,1
Chadwick Boseman,Letitia Wright,1
Chadwick Boseman,Mark Ruffalo,1
Chadwick Boseman,Michelle Pfeiffer,1
Chadwick Boseman,Paul Rudd,1
Chadwick Boseman,Pom Klementieff,1
Chadwick Boseman,Robert Downey Jr.,1
Chadwick Boseman,Samuel L. Jackson,1
Chadwick Boseman,Scarlett Johansson,1
Chadwick Boseman,Sebastian Stan,1
Chadwick Boseman,Terry Notary,1
Chadwick Boseman,Tom Hiddleston,1
Chadwick Boseman,Tom Holland,1
Chadwick Boseman,Vin Diesel,1
Chadwick Boseman,Zoe Saldana,1
Chris Evans,Chris Hemsworth,1
Chris Evans,Chris Pratt,1
Chris Evans,Danai Gurira,1
Chris Evans,Dave Bautista,1
Chris Evans,Elizabeth Olsen,1
Chris Evans,Evangeline Lilly,1
Chris Evans,Gwyneth Paltrow,1
Chris Evans,Hiroyuki Sanada,1
Chris Evans,Jeremy Renner,1
Chris Evans,Jon Favreau,1
Chris Evans,Josh Brolin,1
Chris Evans,Karen Gillan,1
Chris Evans,Ken Jeong,1
Chris Evans,Letitia Wright,1
Chris Evans,Michelle Pfeiffer,1
Chris Evans,Paul Rudd,1
Chris Evans,Pom Klementieff,1
Chris Evans,Robert Downey Jr.,1
Chris Evans,Sebastian Stan,1
Chris Evans,Terry Notary,1
Chris Evans,Tom Hiddleston,1
Chris Evans,Tom Holland,1
Chris Evans,Vin Diesel,1
Chris Evans,Zoe Saldana,1
Chris Hemsworth,Chris Pratt,1
Chris Hemsworth,Danai Gurira,1
Chris Hemsworth,Dave Bautista,1
Chris Hemsworth,Don Cheadle,1
Chris Hemsworth,Elizabeth Olsen,1
Chris Hemsworth,Evangeline Lilly,1
Chris Hemsworth,Gwyneth Paltrow,1
Chris Hemsworth,Hiroyuki Sanada,1
Chris Hemsworth,Jeremy Renner,1
Chris Hemsworth,Jon Favreau,1
Chris Hemsworth,Josh Brolin,1
Chris Hemsworth,Karen Gillan,1
Chris Hemsworth,Ken Jeong,1
Chris Hemsworth,Letitia Wright,1
Chris Hemsworth,Mark Ruffalo,1
Chris Hemsworth,Michelle Pfeiffer,1
Chris Hemsworth,Paul Rudd,1
Chris Hemsworth,Pom Klementieff,1
Chris Hemsworth,Robert Downey Jr.,1
Chris Hemsworth,Samuel L. Jackson,1
Chris Hemsworth,Scarlett Johansson,1
Chris Hemsworth,Sebastian Stan,1
Chris Hemsworth,Terry Notary,1
Chris Hemsworth,Tom Hiddleston,1
Chris Hemsworth,Tom Holland,1
Chris Hemsworth,Vin Diesel,1
Chris Hemsworth,Zoe Saldana,1
Chris Pratt,Danai Gurira,1
Chris Pratt,Dave Bautista,1
Chris Pratt,Don Cheadle,1
Chris Pratt,Elizabeth Olsen,1
Chris Pratt,Evangeline Lilly,1
Chris Pratt,Gwyneth Paltrow,1
Chris Pratt,Hiroyuki Sanada,1
Chris Pratt,Jeremy Renner,1
Chris Pratt,Jon Favreau,1
Chris Pratt,Josh Brolin,1
Chris Pratt,Karen Gillan,1
Chris Pratt,Ken Jeong,1
Chris Pratt,Letitia Wright,1
Chris Pratt,Mark Ruffalo,1
Chris Pratt,Michelle Pfeiffer,1
Chris Pratt,Paul Rudd,1
Chris Pratt,Pom Klementieff,1
Chris Pratt,Robert Downey Jr.,1
Chris Pratt,Samuel L. Jackson,1
Chris Pratt,Scarlett Johansson,1
Chris Pratt,Sebastian Stan,1
Chris Pratt,Terry Notary,1
Chris Pratt,Tom Hiddleston,1
Chris Pratt,Vin Diesel,1
Chris Pratt,Zoe Saldana,1
Danai Gurira,Dave Bautista,1
Danai Gurira,Don Cheadle,1
Danai Gurira,Elizabeth Olsen,1
Danai Gurira,Evangeline Lilly,1
Danai Gurira,Gwyneth Paltrow,1
Danai Gurira,Hiroyuki Sanada,1
Danai Gurira,Jeremy Renner,1
Danai Gurira,Jon Favreau,1
Danai Gurira,Josh Brolin,1
Danai Gurira,Karen Gillan,1
Danai Gurira,Ken Jeong,1
Danai Gurira,Letitia Wright,1
Danai Gurira,Mark Ruffalo,1
Danai Gurira,Michelle Pfeiffer,1
Danai Gurira,Paul Rudd,1
Danai Gurira,Pom Klementieff,1
Danai Gurira,Robert Downey Jr.,1
Danai Gurira,Samuel L. Jackson,1
Danai Gurira,Scarlett Johansson,1
Danai Gurira,Sebastian Stan,1
Danai Gurira,Terry Notary,1
Danai Gurira,Tom Hiddleston,1
Danai Gurira,Tom Holland,1
Danai Gurira,Vin Diesel,1
Danai Gurira,Zoe Saldana,1
Dave Bautista,Don Cheadle,1
Dave Bautista,Elizabeth Olsen,1
Dave Bautista,Evangeline Lilly,1
Dave Bautista,Gwyneth Paltrow,1
Dave Bautista,Hiroyuki Sanada,1
Dave Bautista,Jeremy Renner,1
Dave Bautista,Jon Favreau,1
Dave Bautista,Karen Gillan,2
Dave Bautista,Ken Jeong,1
Dave Bautista,Letitia Wright,1
Dave Bautista,Mark Ruffalo,1
Dave Bautista,Michelle Pfeiffer,1
Dave Bautista,Paul Rudd,1
Dave Bautista,Pom Klementieff,1
Dave Bautista,Robert Downey Jr.,1
Dave Bautista,Samuel L. Jackson,1
Dave Bautista,Scarlett Johansson,1
Dave Bautista,Sebastian Stan,1
Dave Bautista,Terry Notary,1
Dave Bautista,Tom Hiddleston,1
Dave Bautista,Tom Holland,1
Dave Bautista,Vin Diesel,1
Dave Bautista,Zoe Saldana,1
Don Cheadle,Elizabeth Olsen,1
Don Cheadle,Evangeline Lilly,1
Don Cheadle,Gwyneth Paltrow,1
Don Cheadle,Hiroyuki Sanada,1
Don Cheadle,Jeremy Renner,1
Don Cheadle,Jon Favreau,1
Don Cheadle,Josh Brolin,1
Don Cheadle,Karen Gillan,1
Don Cheadle,Ken Jeong,1
Don Cheadle,Letitia Wright,1
Don Cheadle,Michelle Pfeiffer,1
Don Cheadle,Paul Rudd,1
Don Cheadle,Pom Klementieff,1
Don Cheadle,Robert Downey Jr.,1
Don Cheadle,Sebastian Stan,1
Don Cheadle,Terry Notary,1
Don Cheadle,Tom Hiddleston,1
Don Cheadle,Tom Holland,1
Don Cheadle,Vin Diesel,1
Don Cheadle,Zoe Saldana,1
Elizabeth Olsen,Evangeline Lilly,1
Elizabeth Olsen,Gwyneth Paltrow,1
Elizabeth Olsen,Hiroyuki Sanada,1
Elizabeth Olsen,Jeremy Renner,1
Elizabeth Olsen,Jon Favreau,1
Elizabeth Olsen,Josh Brolin,1
Elizabeth Olsen,Karen Gillan,1
Elizabeth Olsen,Ken Jeong,1
Elizabeth Olsen,Letitia Wright,1
Elizabeth Olsen,Mark Ruffalo,1
Elizabeth Olsen,Michelle Pfeiffer,1
Elizabeth Olsen,Paul Rudd,1
Elizabeth Olsen,Pom Klementieff,1
Elizabeth Olsen,Robert Downey Jr.,1
Elizabeth Olsen,Samuel L. Jackson,1
Elizabeth Olsen,Scarlett Johansson,1
Elizabeth Olsen,Sebastian Stan,1
Elizabeth Olsen,Terry Notary,1
Elizabeth Olsen,Tom Hiddleston,1
Elizabeth Olsen,Tom Holland,1
Elizabeth Olsen,Vin Diesel,1
Elizabeth Olsen,Zoe Saldana,1
Evangeline Lilly,Gwyneth Paltrow,1
Evangeline Lilly,Hiroyuki Sanada,1
Evangeline Lilly,Jeremy Renner,1
Evangeline Lilly,Jon Favreau,1
Evangeline Lilly,Josh Brolin,1
Evangeline Lilly,Karen Gillan,1
Evangeline Lilly,Ken Jeong,1
Evangeline Lilly,Letitia Wright,1
Evangeline Lilly,Mark Ruffalo,1
Evangeline Lilly,Michelle Pfeiffer,1
Evangeline Lilly,Paul Rudd,1
Evangeline Lilly,Pom Klementieff,1
Evangeline Lilly,Robert Downey Jr.,1
Evangeline Lilly,Samuel L. Jackson,1
Evangeline Lilly,Scarlett Johansson,1
Evangeline Lilly,Sebastian Stan,1
Evangeline Lilly,Terry Notary,1
Evangeline Lilly,Tom Hiddleston,1
Evangeline Lilly,Tom Holland,1
Evangeline Lilly,Vin Diesel,1
Evangeline Lilly,Zoe Saldana,1
Gwyneth Paltrow,Hiroyuki Sanada,1
Gwyneth Paltrow,Jeremy Renner,1
Gwyneth Paltrow,Jon Favreau,1
Gwyneth Paltrow,Josh Brolin,1
Gwyneth Paltrow,Karen Gillan,1
Gwyneth Paltrow,Ken Jeong,1
Gwyneth Paltrow,Letitia Wright,1
Gwyneth Paltrow,Mark Ruffalo,1
Gwyneth Paltrow,Michelle Pfeiffer,1
Gwyneth Paltrow,Paul Rudd,1
Gwyneth Paltrow,Pom Klementieff,1
Gwyneth Paltrow,Robert Downey Jr.,1
Gwyneth Paltrow,Samuel L. Jackson,1
Gwyneth Paltrow,Scarlett Johansson,1
Gwyneth Paltrow,Sebastian Stan,1
Gwyneth Paltrow,Terry Notary,1
Gwyneth Paltrow,Tom Hiddleston,1
Gwyneth Paltrow,Tom Holland,1
Gwyneth Paltrow,Vin Diesel,1
Gwyneth Paltrow,Zoe Saldana,1
Hiroyuki Sanada,Jeremy Renner,1
Hiroyuki Sanada,Jon Favreau,1
Hiroyuki Sanada,Josh Brolin,1
Hiroyuki Sanada,Karen Gillan,1
Hiroyuki Sanada,Ken Jeong,1
Hiroyuki Sanada,Letitia Wright,1
Hiroyuki Sanada,Mark Ruffalo,1
Hiroyuki Sanada,Michelle Pfeiffer,1
Hiroyuki Sanada,Paul Rudd,1
Hiroyuki Sanada,Pom Klementieff,1
Hiroyuki Sanada,Robert Downey Jr.,1
Hiroyuki Sanada,Samuel L. Jackson,1
Hiroyuki Sanada,Scarlett Johansson,1
Hiroyuki Sanada,Sebastian Stan,1
Hiroyuki Sanada,Terry Notary,1
Hiroyuki Sanada,Tom Hiddleston,1
Hiroyuki Sanada,Tom Holland,1
Hiroyuki Sanada,Vin Diesel,1
Hiroyuki Sanada,Zoe Saldana,1
Jeremy Renner,Jon Favreau,1
Jeremy Renner,Josh Brolin,1
Jeremy Renner,Karen Gillan,1
Jeremy Renner,Ken Jeong,1
Jeremy Renner,Letitia Wright,1
Jeremy Renner,Mark Ruffalo,1
Jeremy Renner,Michelle Pfeiffer,1
Jeremy Renner,Paul Rudd,1
Jeremy Renner,Pom Klementieff,1
Jeremy Renner,Robert Downey Jr.,1
Jeremy Renner,Samuel L. Jackson,1
Jeremy Renner,Sebastian Stan,1
Jeremy Renner,Terry Notary,1
Jeremy Renner,Tom Hiddleston,1
Jeremy Renner,Tom Holland,1
Jeremy Renner,Vin Diesel,1
Jeremy Renner,Zoe Saldana,1
Jon Favreau,Josh Brolin,1
Jon Favreau,Karen Gillan,1
Jon Favreau,Ken Jeong,1
Jon Favreau,Letitia Wright,1
Jon Favreau,Mark Ruffalo,1
Jon Favreau,Michelle Pfeiffer,1
Jon Favreau,Paul Rudd,1
Jon Favreau,Pom Klementieff,1
Jon Favreau,Robert Downey Jr.,1
Jon Favreau,Samuel L. Jackson,2
Jon Favreau,Scarlett Johansson,1
Jon Favreau,Sebastian Stan,1
Jon Favreau,Terry Notary,1
Jon Favreau,Tom Hiddleston,1
Jon Favreau,Vin Diesel,1
Jon Favreau,Zoe Saldana,1
Josh Brolin,Karen Gillan,1
Josh Brolin,Ken Jeong,1
Josh Brolin,Letitia Wright,1
Josh Brolin,Mark Ruffalo,1
Josh Brolin,Michelle Pfeiffer,1
Josh Brolin,Paul Rudd,1
Josh Brolin,Pom Klementieff,1
Josh Brolin,Robert Downey Jr.,1
Josh Brolin,Samuel L. Jackson,1
Josh Brolin,Scarlett Johansson,1
Josh Brolin,Sebastian Stan,1
Josh Brolin,Terry Notary,1
Josh Brolin,Tom Hiddleston,1
Josh Brolin,Tom Holland,1
Josh Brolin,Vin Diesel,1
Josh Brolin,Zoe Saldana,1
Karen Gillan,Ken Jeong,1
Karen Gillan,Letitia Wright,1
Karen Gillan,Mark Ruffalo,1
Karen Gillan,Michelle Pfeiffer,1
Karen Gillan,Paul Rudd,1
Karen Gillan,Pom Klementieff,1
Karen Gillan,Robert Downey Jr.,1
Karen Gillan,Samuel L. Jackson,1
Karen Gillan,Scarlett Johansson,1
Karen Gillan,Sebastian Stan,1
Karen Gillan,Tom Hiddleston,1
Karen Gillan,Vin Diesel,1
Karen Gillan,Zoe Saldana,1
Ken Jeong,Letitia Wright,1
Ken Jeong,Mark Ruffalo,1
Ken Jeong,Michelle Pfeiffer,1
Ken Jeong,Paul Rudd,1
Ken Jeong,Pom Klementieff,1
Ken Jeong,Robert Downey Jr.,1
Ken Jeong,Samuel L. Jackson,1
Ken Jeong,Scarlett Johansson,1
Ken Jeong,Sebastian Stan,1
Ken Jeong,Terry Notary,1
Ken Jeong,Tom Hiddleston,1
Ken Jeong,Tom Holland,1
Ken Jeong,Vin Diesel,1
Ken Jeong,Zoe Saldana,1
Letitia Wright,Mark Ruffalo,1
Letitia Wright,Michelle Pfeiffer,1
Letitia Wright,Paul Rudd,1
Letitia Wright,Pom Klementieff,1
Letitia Wright,Robert Downey Jr.,1
Letitia Wright,Samuel L. Jackson,1
Letitia Wright,Sebastian Stan,1
Letitia Wright,Terry Notary,1
Letitia Wright,Tom Hiddleston,1
Letitia Wright,Tom Holland,1
Letitia Wright,Vin Diesel,1
Letitia Wright,Zoe Saldana,1
Mark Ruffalo,Michelle Pfeiffer,1
Mark Ruffalo,Paul Rudd,1
Mark Ruffalo,Pom Klementieff,1
Mark Ruffalo,Robert Downey Jr.,1
Mark Ruffalo,Sebastian Stan,1
Mark Ruffalo,Terry Notary,1
Mark Ruffalo,Tom Hiddleston,1
Mark Ruffalo,Tom Holland,1
Mark Ruffalo,Vin Diesel,1
Mark Ruffalo,Zoe Saldana,1
Michelle Pfeiffer,Paul Rudd,1
Michelle Pfeiffer,Pom Klementieff,1
Michelle Pfeiffer,Robert Downey Jr.,1
Michelle Pfeiffer,Samuel L. Jackson,1
Michelle Pfeiffer,Scarlett Johansson,1
Michelle Pfeiffer,Sebastian Stan,1
Michelle Pfeiffer,Terry Notary,1
Michelle Pfeiffer,Tom Hiddleston,1
Michelle Pfeiffer,Tom Holland,1
Michelle Pfeiffer,Vin Diesel,1
Michelle Pfeiffer,Zoe Saldana,1
Paul Rudd,Pom Klementieff,1
Paul Rudd,Robert Downey Jr.,1
Paul Rudd,Samuel L. Jackson,1
Paul Rudd,Scarlett Johansson,1
Paul Rudd,Sebastian Stan,1
Paul Rudd,Terry Notary,1
Paul Rudd,Tom Hiddleston,1
Paul Rudd,Tom Holland,1
Paul Rudd,Vin Diesel,1
Paul Rudd,Zoe Saldana,1
Pom Klementieff,Robert Downey Jr.,1
Pom Klementieff,Samuel L. Jackson,1
Pom Klementieff,Scarlett Johansson,1
Pom Klementieff,Sebastian Stan,1
Pom Klementieff,Terry Notary,1
Pom Klementieff,Tom Hiddleston,1
Pom Klementieff,Tom Holland,1
Pom Klementieff,Vin Diesel,1
Pom Klementieff,Zoe Saldana,1
Robert Downey Jr.,Samuel L. Jackson,1
Robert Downey Jr.,Scarlett Johansson,1
Robert Downey Jr.,Sebastian Stan,1
Robert Downey Jr.,Terry Notary,1
Robert Downey Jr.,Tom Hiddleston,1
Robert Downey Jr.,Vin Diesel,1
Robert Downey Jr.,Zoe Saldana,1
Samuel L. Jackson,Terry Notary,1
Samuel L. Jackson,Tom Hiddleston,1
Samuel L. Jackson,Tom Holland,2
Samuel L. Jackson,Vin Diesel,1
Samuel L. Jackson,Zoe Saldana,1
Scarlett Johansson,Sebastian Stan,1
Scarlett Johansson,Terry Notary,1
Scarlett Johansson,Tom Hiddleston,1
Scarlett Johansson,Tom Holland,1
Scarlett Johansson,Vin Diesel,1
Scarlett Johansson,Zoe Saldana,1
Sebastian Stan,Terry Notary,1
Sebastian Stan,Tom Hiddleston,1
Sebastian Stan,Tom Holland,1
Sebastian Stan,Vin Diesel,1
Sebastian Stan,Zoe Saldana,1
Terry Notary,Tom Hiddleston,1
Terry Notary,Tom Holland,1
Terry Notary,Vin Diesel,1
Terry Notary,Zoe Saldana,1
Tom Hiddleston,Tom Holland,1
Tom Hiddleston,Vin Diesel,1
Tom Hiddleston,Zoe Saldana,1
Tom Holland,Vin Diesel,1
Tom Holland,Zoe Saldana,1
Vin Diesel,Zoe Saldana,1
Lizzo,Nick Jonas,1
Rebel Wilson,Rob Delaney,1
Marwan Kenzari,Mena Massoud,1
Marwan Kenzari,Naomi Scott,1
Marwan Kenzari,Navid Negahban,1
Marwan Kenzari,Will Smith,1
Mena Massoud,Naomi Scott,1
Mena Massoud,Navid Negahban,1
Mena Massoud,Will Smith,1
Naomi Scott,Navid Negahban,1
Naomi Scott,Will Smith,1
Navid Negahban,Will Smith,1
Millie Bobby Brown,Vera Farmiga,1
Jimmy Vee,Richard Madden,1
Jimmy Vee,Taron Egerton,1
Richard Madden,Taron Egerton,1
Harrison Ford,Kevin Hart,1
Harrison Ford,Tiffany Haddish,1
Kevin Hart,Tiffany Haddish,1
Chris Hemsworth,Kumail Nanjiani,1
Chris Hemsworth,Liam Neeson,1
Chris Hemsworth,Rebecca Ferguson,1
Kumail Nanjiani,Liam Neeson,1
Kumail Nanjiani,Rebecca Ferguson,1
Liam Neeson,Rebecca Ferguson,1
Keanu Reeves,Tom Hanks,1
Mckenna Grace,Patrick Wilson,1
Mckenna Grace,Vera Farmiga,1
Patrick Wilson,Vera Farmiga,1
Daisy Ridley,George MacKay,1
Ben Mendelsohn,Jake Gyllenhaal,1
Ben Mendelsohn,Jon Favreau,1
Ben Mendelsohn,Zendaya,1
Jake Gyllenhaal,Samuel L. Jackson,1
Samuel L. Jackson,Zendaya,1
Dave Bautista,Kumail Nanjiani,1
Karen Gillan,Kumail Nanjiani,1
Anya Taylor-Joy,Chris Pine,1
Anya Taylor-Joy,Kristen Stewart,1
Anya Taylor-Joy,Zoe Saldana,1
Chris Pine,Kristen Stewart,1
Chris Pine,Zoe Saldana,1
Kristen Stewart,Zoe Saldana,1
Elisabeth Moss,Tiffany Haddish,1
Awkwafina,Brooklynn Prince,1
Awkwafina,Tiffany Haddish,1
Brooklynn Prince,Tiffany Haddish,1
Ansel Elgort,Finn Wolfhard,1
Ansel Elgort,Oakes Fegley,1
Finn Wolfhard,Oakes Fegley,1
Elizabeth McGovern,Hugh Bonneville,1
Elizabeth McGovern,Imelda Staunton,1
Elizabeth McGovern,Jim Carter,1
Elizabeth McGovern,Maggie Smith,1
Elizabeth McGovern,Michelle Dockery,1
Elizabeth McGovern,Penelope Wilton,1
Hugh Bonneville,Imelda Staunton,1
Hugh Bonneville,Jim Carter,1
Hugh Bonneville,Maggie Smith,1
Hugh Bonneville,Michelle Dockery,1
Hugh Bonneville,Penelope Wilton,1
Imelda Staunton,Jim Carter,1
Imelda Staunton,Maggie Smith,1
Imelda Staunton,Michelle Dockery,1
Imelda Staunton,Penelope Wilton,1
Jim Carter,Maggie Smith,1
Jim Carter,Michelle Dockery,1
Jim Carter,Penelope Wilton,1
Maggie Smith,Michelle Dockery,1
Maggie Smith,Penelope Wilton,1
Michelle Dockery,Penelope Wilton,1
Benedict Wong,Mary Elizabeth Winstead,1
Benedict Wong,Will Smith,1
Mary Elizabeth Winstead,Will Smith,1
Michael Peña,Rose Byrne,1
Naomie Harris,Tyrese Gibson,1
Anjelica Huston,Jeremy Renner,1
Henry Golding,Rob Delaney,1
