Rank,Movie,Release Date,Distributor,Genre,2019 Gross,Tickets Sold
670,Detour, 1945-11-30,Producers Releasi…,Drama,"$1,540",168
602,Olivia, 1954-04-08,Arthur Davis Asso…,Drama,"$9,934","1,084"
539,The White Sheik, 1956-04-25,Janus Films,Comedy,"$22,009","2,402"
556,The Cranes are Flying, 1960-03-21,Warner Bros.,Drama,"$17,923","1,956"
380,War and Peace, 1968-04-28,Continental Distr…,Drama,"$148,557","16,218"
679,Senso, 1968-07-08,Fleetwood Films,Drama,$437,47
355,Mr. Klein, 1977-11-06,Quartet Films,Drama,"$189,718","20,711"
385,The Life of Brian, 1979-08-17,Warner Bros.,Comedy,"$138,071","15,073"
435,Christ Stopped at Eboli, 1980-03-23,Franklin Media,Drama,"$80,868","8,828"
277,The Shining, 1980-05-23,Warner Bros.,Horror,"$551,257","60,181"
619,Gregory’s Girl, 1982-05-26,Samuel Goldwyn Films,Romantic Comedy,"$7,710",841
634,Serie noire, 1982-06-25,Putnam Square Films,Drama,"$5,633",614
244,The Goonies, 1985-06-07,Warner Bros.,Adventure,"$864,378","94,364"
222,National Lampoon’s Christma…, 1989-12-01,Warner Bros.,Comedy,"$1,385,620","151,269"
641,The Garden, 1990-12-31,International Fil…,Drama,"$5,006",546
398,Paris is Burning, 1991-03-13,Academy Entertain…,Documentary,"$125,677","13,720"
293,Cruel Intentions, 1999-03-05,Sony Pictures,Drama,"$463,365","50,585"
201,The Matrix, 1999-03-31,Warner Bros.,Action,"$2,013,136","219,775"
411,Downtown 81, 2001-07-13,,Drama,"$104,785","11,439"
251,Elf, 2003-11-07,New Line,Comedy,"$786,249","85,835"
247,The Polar Express, 2004-11-10,Warner Bros.,Adventure,"$818,250","89,329"
508,Deep Sea 3-D, 2006-03-03,Warner Bros.,Documentary,"$32,831","3,584"
457,Last Year at Marienbad, 2008-01-18,Rialto Pictures,Drama,"$66,598","7,270"
340,Under the Sea 3D, 2009-02-13,Warner Bros.,Documentary,"$246,137","26,871"
269,The Wizard of Oz, 2009-09-23,Warner Bros.,Musical,"$622,486","67,957"
383,Hubble 3D, 2010-03-19,Warner Bros.,Documentary,"$147,277","16,078"
392,Born to be Wild 3D, 2011-04-08,Warner Bros.,Documentary,"$134,027","14,632"
555,To the Arctic 3D, 2012-04-20,Warner Bros.,Documentary,"$18,010","1,966"
533,Island of Lemurs: Madagascar, 2014-04-04,Warner Bros.,Documentary,"$23,187","2,531"
223,It, 2017-09-08,Warner Bros.,Horror,"$1,347,126","147,066"
208,Pandas, 2018-04-06,IMAX Films,Documentary,"$1,816,106","198,265"
658,Filmworker, 2018-05-11,Kino Lorber,Documentary,"$3,016",329
438,Deadpool 2, 2018-05-18,20th Century Fox,Action,"$78,961","8,620"
661,"No Date, No Signature", 2018-08-01,Distrib Films,Drama,"$2,567",280
255,BlacKkKlansman, 2018-08-10,Focus Features,Black Comedy,"$747,775","81,635"
579,Crazy Rich Asians, 2018-08-15,Warner Bros.,Romantic Comedy,"$13,586","1,483"
221,The Wife, 2018-08-17,Sony Pictures Cla…,Drama,"$1,393,052","152,079"
528,Return of the Hero, 2018-08-31,Distrib Films,Drama,"$25,004","2,729"
677,I am Not a Witch, 2018-09-07,Film Movement,Drama,$550,60
447,"Hale County This Morning, T…", 2018-09-14,Cinema Guild,Documentary,"$71,967","7,856"
581,The House with a Clock in i…, 2018-09-21,Universal,Comedy,"$13,295","1,451"
148,Free Solo, 2018-09-28,Greenwich,Documentary,"$6,093,902","665,273"
333,Smallfoot, 2018-09-28,Warner Bros.,Adventure,"$263,482","28,764"
393,Anthropocene: The Human Epoch, 2018-09-28,Mongrel Media,Documentary,"$132,807","14,498"
439,The Old Man and the Gun, 2018-09-28,Fox Searchlight,Comedy,"$78,577","8,578"
535,Night School, 2018-09-28,Universal,Comedy,"$22,550","2,462"
120,A Star is Born, 2018-10-05,Warner Bros.,Drama,"$14,130,981","1,542,684"
434,Venom, 2018-10-05,Sony Pictures,Action,"$82,267","8,981"
604,Studio 54, 2018-10-05,Zeitgeist,Documentary,"$9,355","1,021"
609,Liyana, 2018-10-10,Abramorama Films,Documentary,"$9,223","1,006"
531,Beautiful Boy, 2018-10-12,Amazon Studios,Drama,"$23,952","2,614"
558,Jane and Emma, 2018-10-12,Excel Entertainment,Drama,"$17,405","1,900"
580,First Man, 2018-10-12,Universal,Drama,"$13,510","1,475"
517,Horn From the Heart: The Pa…, 2018-10-17,Abramorama Films,Documentary,"$30,179","3,294"
228,Can You Ever Forgive Me?, 2018-10-19,Fox Searchlight,Drama,"$1,259,896","137,543"
471,The Hate U Give, 2018-10-19,20th Century Fox,Drama,"$50,839","5,550"
493,Wildlife, 2018-10-19,IFC Films,Drama,"$38,112","4,160"
636,Halloween, 2018-10-19,Universal,Horror,"$5,505",601
642,Un Traductor, 2018-10-19,Film Movement,Drama,"$4,879",532
659,Wings of Desire (1987) (Re-…, 2018-10-19,Janus Films,Drama,"$3,004",327
626,Life & Nothing More, 2018-10-24,CFI,Drama,"$6,745",736
415,Burning, 2018-10-26,Well Go USA,Thriller/Suspense,"$101,279","11,056"
632,"Monrovia, Indiana", 2018-10-26,Zipporah,Documentary,"$5,738",626
88,Bohemian Rhapsody, 2018-11-02,20th Century Fox,Drama,"$26,490,206","2,891,943"
446,The Nutcracker and the Four…, 2018-11-02,Walt Disney,Adventure,"$73,093","7,979"
503,Maria by Callas, 2018-11-02,Sony Pictures Cla…,Documentary,"$34,017","3,713"
573,Boy Erased, 2018-11-02,Focus Features,Drama,"$14,490","1,582"
600,A Private War, 2018-11-02,Aviron Pictures,Drama,"$10,098","1,102"
675,Narcissister Organ Player, 2018-11-07,Film Movement,Documentary,"$1,015",110
166,Dr. Seuss’ The Grinch, 2018-11-09,Universal,Adventure,"$4,340,540","473,858"
676,Chef Flynn, 2018-11-09,Kino Lorber,Documentary,$721,78
184,Fantastic Beasts: The Crime…, 2018-11-16,Warner Bros.,Adventure,"$2,774,042","302,843"
190,Instant Family, 2018-11-16,Paramount Pictures,Comedy,"$2,518,231","274,916"
288,Widows, 2018-11-16,20th Century Fox,Thriller/Suspense,"$498,459","54,416"
319,At Eternity’s Gate, 2018-11-16,CBS Films,Drama,"$317,975","34,713"
633,Of Fathers and Sons, 2018-11-16,Kino Lorber,Documentary,"$5,643",616
54,Green Book, 2018-11-21,Universal,Comedy,"$52,927,165","5,778,075"
121,Ralph Breaks The Internet, 2018-11-21,Walt Disney,Adventure,"$13,939,018","1,521,726"
359,Robin Hood, 2018-11-21,Lionsgate,Action,"$179,615","19,608"
362,Creed II, 2018-11-21,MGM,Drama,"$177,000","19,323"
397,The World Before Your Feet, 2018-11-21,Greenwich,Documentary,"$125,857","13,739"
108,The Favourite, 2018-11-23,Fox Searchlight,Black Comedy,"$18,478,318","2,017,283"
210,Shoplifters, 2018-11-23,Magnolia Pictures,Drama,"$1,666,708","181,955"
483,Becoming Astrid, 2018-11-23,Music Box Films,Drama,"$44,399","4,847"
424,Mirai no Mirai, 2018-11-29,GKIDS,Adventure,"$90,193","9,846"
371,The Possession of Hannah Grace, 2018-11-30,Sony Pictures,Horror,"$153,478","16,755"
652,Sicilian Ghost Story, 2018-11-30,Strand,Drama,"$3,935",429
607,Tyrel, 2018-12-05,Magnolia Pictures,Drama,"$9,314","1,016"
630,The Charmer, 2018-12-05,Film Movement,Thriller/Suspense,"$6,118",667
144,Mary Queen of Scots, 2018-12-07,Focus Features,Drama,"$6,742,269","736,056"
232,Ben is Back, 2018-12-07,Roadside Attractions,Drama,"$1,191,342","130,059"
570,Frank and Ava, 2018-12-07,Gravitas Ventures,Drama,"$14,820","1,617"
678,Divide and Conquer: The Sto…, 2018-12-07,Magnolia Pictures,Documentary,$474,51
680,Never-Ending Man: Hayao Miy…, 2018-12-13,GKIDS,Documentary,$376,41
49,Spider-Man: Into The Spider…, 2018-12-14,Sony Pictures,Adventure,"$56,194,964","6,134,821"
70,The Mule, 2018-12-14,Warner Bros.,Drama,"$39,084,073","4,266,820"
131,If Beale Street Could Talk, 2018-12-14,Annapurna Pictures,Drama,"$10,506,525","1,147,000"
219,Capernaum, 2018-12-14,Sony Pictures Cla…,Drama,"$1,488,318","162,480"
235,Mortal Engines, 2018-12-14,Universal,Action,"$1,056,865","115,378"
538,The House That Jack Built, 2018-12-14,IFC Films,Thriller/Suspense,"$22,030","2,405"
123,They Shall Not Grow Old, 2018-12-17,Warner Bros.,Documentary,"$12,253,074","1,337,672"
78,Mary Poppins Returns, 2018-12-19,Walt Disney,Musical,"$33,141,176","3,618,032"
20,Aquaman, 2018-12-21,Warner Bros.,Action,"$136,001,983","14,847,378"
50,Bumblebee, 2018-12-21,Paramount Pictures,Adventure,"$55,769,470","6,088,370"
146,Second Act, 2018-12-21,STX Entertainment,Comedy,"$6,489,861","708,500"
167,Cold War, 2018-12-21,Amazon Studios,Drama,"$4,307,930","470,298"
193,Welcome to Marwen, 2018-12-21,Universal,Drama,"$2,405,625","262,623"
231,All is True, 2018-12-21,Sony Pictures Cla…,Drama,"$1,199,066","130,902"
388,The Last Resort, 2018-12-21,Kino Lorber,Documentary,"$137,857","15,049"
527,Swing Kids, 2018-12-21,Well Go USA,Drama,"$26,244","2,865"
95,On the Basis of Sex, 2018-12-25,Focus Features,Drama,"$22,946,065","2,505,029"
109,Vice, 2018-12-25,Annapurna Pictures,Black Comedy,"$18,108,785","1,976,941"
197,Holmes & Watson, 2018-12-25,Sony Pictures,Comedy,"$2,254,994","246,178"
226,Destroyer, 2018-12-25,Annapurna Pictures,Thriller/Suspense,"$1,285,243","140,310"
156,Stan & Ollie, 2018-12-28,Sony Pictures Cla…,Drama,"$5,235,893","571,604"
239,Simmba, 2018-12-28,Reliance Entertai…,Action,"$986,339","107,678"
72,Escape Room, 2019-01-04,Sony Pictures,Horror,"$38,762,584","4,231,723"
470,Mojin: The Worm Valley, 2019-01-04,Well Go USA,Action,"$50,933","5,560"
530,The Nun (1966) (Re-Release), 2019-01-04,Rialto Pictures,Drama,"$23,972","2,617"
671,State Like Sleep, 2019-01-04,The Orchard,Drama,"$1,469",160
360,Modest Heroes, 2019-01-10,GKIDS,Adventure,"$178,027","19,435"
27,The Upside, 2019-01-11,STX Entertainment,Comedy,"$108,235,497","11,816,102"
65,A Dog’s Way Home, 2019-01-11,Sony Pictures,Drama,"$41,952,715","4,579,990"
170,Uri: The Surgical Strike, 2019-01-11,PackYourBag Films,Action,"$4,185,663","456,950"
171,Replicas, 2019-01-11,Entertainment Stu…,Thriller/Suspense,"$4,046,429","441,749"
237,Perfect Strangers, 2019-01-11,Lionsgate,Comedy,"$1,014,507","110,754"
577,Touch Me Not, 2019-01-11,Kino Lorber,Documentary,"$13,782","1,504"
608,The Aspern Papers, 2019-01-11,Cohen Media Group,Drama,"$9,277","1,012"
81,Dragon Ball Super: Broly, 2019-01-16,FUNimation,Action,"$30,376,755","3,316,239"
440,The Heiresses, 2019-01-16,Distrib Films,Drama,"$78,473","8,566"
482,What is Democracy, 2019-01-16,Zeitgeist,Documentary,"$44,502","4,858"
24,Glass, 2019-01-18,Universal,Thriller/Suspense,"$111,048,468","12,123,195"
338,Canal Street, 2019-01-18,Smith Global Media,Drama,"$251,917","27,501"
386,Who Will Write Our History, 2019-01-18,Abramorama Films,Documentary,"$138,039","15,069"
509,An Acceptable Loss, 2019-01-18,IFC Films,Thriller/Suspense,"$32,452","3,542"
115,The Kid Who Would Be King, 2019-01-25,20th Century Fox,Adventure,"$16,790,790","1,833,055"
139,Serenity, 2019-01-25,Aviron Pictures,Thriller/Suspense,"$8,547,045","933,083"
217,Extreme Job, 2019-01-25,CJ Entertainment,Action,"$1,565,885","170,948"
225,Never Look Away, 2019-01-25,Sony Pictures Cla…,Thriller/Suspense,"$1,303,747","142,330"
304,The Invisibles, 2019-01-25,Greenwich,Documentary,"$408,397","44,584"
420,The Image Book, 2019-01-25,Kino Lorber,Drama,"$93,950","10,256"
476,The Bounty Killer, 2019-01-25,Indican Pictures,Western,"$48,815","5,329"
649,Tito and the Birds, 2019-01-25,Shout! Factory,Adventure,"$4,332",472
666,Jihadists, 2019-01-25,Cinema Libre,Documentary,"$1,939",211
611,Advocate, 2019-01-27,,Documentary,"$9,152",999
350,Play the Flute, 2019-01-28,Five & Two Pictures,Drama,"$207,663","22,671"
507,The Wild Pear Tree, 2019-01-30,Cinema Guild,Drama,"$33,326","3,638"
118,Miss Bala, 2019-02-01,Sony Pictures,Action,"$14,998,027","1,637,339"
192,Arctic, 2019-02-01,Bleecker Street,Drama,"$2,409,826","263,081"
233,Ek Ladki Ko Dekah Toh Aisa …, 2019-02-01,FIP,Romantic Comedy,"$1,182,636","129,108"
406,Police Story/Police Story 2…, 2019-02-01,Janus Films,Action,"$113,224","12,360"
565,Piercing, 2019-02-01,Greenwich,Horror,"$15,856","1,731"
638,Daughter of Mine, 2019-02-01,Strand,Drama,"$5,447",594
151,The Wandering Earth, 2019-02-05,CMC Pictures,Action,"$5,875,487","641,428"
394,Peppa Celebrates Chinese Ne…, 2019-02-06,STX Entertainment,Adventure,"$131,225","14,325"
254,JONI 75: A Birthday Celebra…, 2019-02-07,Trafalgar Releasing,Concert/Perfor…,"$752,205","82,118"
28,The LEGO Movie 2: The Secon…, 2019-02-08,Warner Bros.,Adventure,"$105,806,508","11,550,929"
53,What Men Want, 2019-02-08,Paramount Pictures,Romantic Comedy,"$54,611,903","5,961,998"
79,Cold Pursuit, 2019-02-08,Lionsgate,Thriller/Suspense,"$32,138,862","3,508,609"
119,The Prodigy, 2019-02-08,Orion Pictures,Horror,"$14,856,291","1,621,865"
176,2019 Oscar Shorts, 2019-02-08,ShortsHD,Multiple Genres,"$3,531,093","385,490"
187,Everybody Knows, 2019-02-08,Focus Features,Drama,"$2,677,805","292,337"
337,Lords of Chaos, 2019-02-08,Gunpowder & Sky,Thriller/Suspense,"$252,245","27,537"
358,To Dust, 2019-02-08,Good Deed Enterta…,Drama,"$184,495","20,141"
543,The Gospel of Eureka, 2019-02-08,Kino Lorber,Documentary,"$20,873","2,278"
627,Under the Eiffel Tower, 2019-02-08,The Orchard,Romantic Comedy,"$6,291",686
321,Josh Groban Bridges from Ma…, 2019-02-12,Trafalgar Releasing,Concert/Perfor…,"$315,173","34,407"
56,Isn’t it Romantic, 2019-02-13,Warner Bros.,Romantic Comedy,"$48,791,187","5,326,549"
86,Happy Death Day 2U, 2019-02-13,Universal,Thriller/Suspense,"$28,148,130","3,072,940"
286,Birds of Passage, 2019-02-13,The Orchard,Drama,"$507,259","55,377"
33,Alita: Battle Angel, 2019-02-14,20th Century Fox,Action,"$85,710,210","9,357,009"
94,Fighting With My Family, 2019-02-14,MGM,Comedy,"$22,958,583","2,506,395"
169,Gully Boy, 2019-02-14,Viva Entertainment,Adventure,"$4,216,437","460,309"
292,CatVideoFest, 2019-02-15,Oscilloscope Pict…,Documentary,"$470,923","51,410"
400,A Tuba to Cuba, 2019-02-15,Blue Fox Entertai…,Documentary,"$121,772","13,293"
402,"Ruben Brandt, Collector", 2019-02-15,Sony Pictures Cla…,Drama,"$117,963","12,878"
516,Sorry Angel, 2019-02-15,Strand,Drama,"$30,584","3,338"
522,Hotel by the River, 2019-02-15,Cinema Guild,Drama,"$27,832","3,038"
526,Donnybrook, 2019-02-15,IFC Films,Drama,"$26,284","2,869"
15,How to Train Your Dragon: T…, 2019-02-22,Universal,Adventure,"$160,799,505","17,554,531"
147,Run the Race, 2019-02-22,Roadside Attractions,Drama,"$6,424,420","701,355"
199,Total Dhamaal, 2019-02-22,FIP,Comedy,"$2,167,632","236,641"
351,The Iron Orchard, 2019-02-22,Santa Rita Film Co,Drama,"$204,881","22,366"
525,Wrestle, 2019-02-22,Oscilloscope Pict…,Documentary,"$26,597","2,903"
657,Chasing Portraits, 2019-02-26,First Run Features,Documentary,"$3,076",335
452,Styx, 2019-02-27,Film Movement,Drama,"$70,794","7,728"
38,Tyler Perry’s A Madea Famil…, 2019-03-01,Lionsgate,Comedy,"$73,257,045","7,997,493"
130,Greta, 2019-03-01,Focus Features,Thriller/Suspense,"$10,544,310","1,151,126"
246,Woman at War, 2019-03-01,Magnolia Pictures,Action,"$847,495","92,521"
248,Climax, 2019-03-01,A24,Drama,"$817,339","89,229"
249,Transit, 2019-03-01,Music Box Films,Drama,"$815,290","89,005"
273,Furie, 2019-03-01,Well Go USA,Action,"$594,788","64,933"
309,The Wedding Guest, 2019-03-01,IFC Films,Thriller/Suspense,"$386,166","42,157"
428,Sonchiriya, 2019-03-01,PackYourBag Films,Action,"$86,765","9,472"
450,Cliffs of Freedom, 2019-03-01,Round Hill Media,Drama,"$71,609","7,817"
490,Saint Judy, 2019-03-01,Blue Fox Entertai…,Drama,"$39,275","4,287"
497,The Sower, 2019-03-01,Film Movement,Drama,"$36,233","3,955"
542,The Hole in the Ground, 2019-03-01,A24,Horror,"$21,072","2,300"
561,Joseph Pulitzer: Voice of t…, 2019-03-01,First Run Features,Documentary,"$16,971","1,852"
564,Virginia Minnesota, 2019-03-01,Indican Pictures,Comedy,"$16,118","1,759"
572,Giant Little Ones, 2019-03-01,Vertical Entertai…,Drama,"$14,500","1,582"
616,This Magnificent Cake!, 2019-03-01,GKIDS,,"$7,888",861
672,The Hours and Times, 2019-03-01,Oscilloscope Pict…,Drama,"$1,273",138
5,Captain Marvel, 2019-03-08,Walt Disney,Action,"$426,829,839","46,597,144"
138,Apollo 11, 2019-03-08,Neon,Documentary,"$9,040,224","986,924"
153,Gloria Bell, 2019-03-08,A24,Drama,"$5,611,123","612,568"
206,Badla, 2019-03-08,Zee Studios,Thriller/Suspense,"$1,861,000","203,165"
218,The Kid, 2019-03-08,Lionsgate,Western,"$1,508,593","164,693"
407,Babylon (1980), 2019-03-08,Self Distributed,Drama,"$109,749","11,981"
449,3 Faces, 2019-03-08,Kino Lorber,Drama,"$71,613","7,818"
594,Ferrante Fever, 2019-03-08,Greenwich,Documentary,"$11,137","1,215"
341,311: Enlarged to Show Detail 3, 2019-03-11,Trafalgar Releasing,Concert/Perfor…,"$238,791","26,068"
60,Five Feet Apart, 2019-03-15,Lionsgate,Drama,"$45,729,221","4,992,273"
61,Wonder Park, 2019-03-15,Paramount Pictures,Adventure,"$45,216,793","4,936,331"
136,No Manches Frida 2, 2019-03-15,Lionsgate,Comedy,"$9,270,920","1,012,109"
150,Captive State, 2019-03-15,Focus Features,Thriller/Suspense,"$5,958,315","650,471"
154,The Mustang, 2019-03-15,Focus Features,Drama,"$5,336,840","582,624"
213,The Aftermath, 2019-03-15,Fox Searchlight,Drama,"$1,618,497","176,691"
258,More Than Blue, 2019-03-15,China Lion Film D…,Drama,"$722,669","78,893"
268,Nancy Drew and the Hidden S…, 2019-03-15,Warner Bros.,Drama,"$623,088","68,023"
302,Ash is Purest White, 2019-03-15,Cohen Media Group,Drama,"$414,578","45,259"
311,The Hummingbird Project, 2019-03-15,The Orchard,Drama,"$371,784","40,587"
348,"Faith, Hope & Love", 2019-03-15,ArtAffects,Romantic Comedy,"$209,990","22,924"
499,Yardie, 2019-03-15,Rialto Pictures,Drama,"$35,632","3,889"
512,Knife + Heart, 2019-03-15,Altered Innocence,Thriller/Suspense,"$31,969","3,490"
566,Starfish, 2019-03-15,Self Distributed,Horror,"$15,850","1,730"
575,Combat Obscura, 2019-03-15,Oscilloscope Pict…,Documentary,"$14,242","1,554"
584,Off Season, 2019-03-15,Indican Pictures,Thriller/Suspense,"$12,544","1,369"
599,The Eyes of Orson Welles, 2019-03-15,Janus Films,Documentary,"$10,252","1,119"
612,"Frantz Fanon: Black Skin, W…", 2019-03-15,Film Movement,Documentary,"$9,025",985
665,Iceman, 2019-03-15,Film Movement,Thriller/Suspense,"$2,138",233
444,Triple Threat, 2019-03-19,Well Go USA,Thriller/Suspense,"$76,289","8,328"
370,Money, 2019-03-21,CJ Entertainment,Drama,"$155,732","17,001"
12,Us, 2019-03-22,Universal,Thriller/Suspense,"$175,084,580","19,114,037"
134,Hotel Mumbai, 2019-03-22,Bleecker Street,Thriller/Suspense,"$9,619,500","1,050,163"
368,Sunset, 2019-03-22,Sony Pictures Cla…,Drama,"$164,717","17,982"
429,Ramen Shop, 2019-03-22,Strand,Drama,"$86,060","9,395"
550,Out of Blue, 2019-03-22,IFC Films,Drama,"$18,779","2,050"
629,Relaxer, 2019-03-22,Oscilloscope Pict…,Comedy,"$6,133",669
458,Working Woman, 2019-03-27,Zeitgeist,Drama,"$64,764","7,070"
22,Dumbo, 2019-03-29,Walt Disney,Adventure,"$114,766,307","12,529,073"
107,Unplanned, 2019-03-29,Pure Flix Enterta…,Drama,"$19,005,109","2,074,793"
177,The Beach Bum, 2019-03-29,Neon,Comedy,"$3,502,600","382,379"
271,The Chaperone, 2019-03-29,PBS Distribution,Drama,"$600,654","65,573"
316,Diane, 2019-03-29,IFC Films,Drama,"$339,838","37,100"
329,Khalid: Free Spirit, 2019-03-29,Trafalgar Releasing,Documentary,"$284,229","31,029"
409,The Brink, 2019-03-29,Magnolia Pictures,Documentary,"$106,059","11,578"
576,Screwball, 2019-03-29,Greenwich,Multiple Genres,"$13,967","1,524"
586,Zen for Nothing, 2019-03-29,Zeitgeist,Documentary,"$12,107","1,321"
391,Palau the Movie, 2019-04-04,Trafalgar Releasing,Drama,"$134,696","14,704"
19,Shazam!, 2019-04-05,Warner Bros.,Action,"$140,371,656","15,324,417"
52,Pet Sematary, 2019-04-05,Paramount Pictures,Horror,"$54,724,696","5,974,311"
132,The Best of Enemies, 2019-04-05,STX Entertainment,Drama,"$10,205,616","1,114,150"
163,Amazing Grace, 2019-04-05,Neon,Documentary,"$4,450,454","485,857"
230,High Life, 2019-04-05,A24,Horror,"$1,225,852","133,826"
275,The Public, 2019-04-05,Universal,Drama,"$573,503","62,609"
373,Peterloo, 2019-04-05,Amazon Studios,Drama,"$151,971","16,590"
448,Storm Boy, 2019-04-05,Good Deed Enterta…,Adventure,"$71,760","7,834"
519,The Wind, 2019-04-05,IFC Midnight,Horror,"$28,611","3,123"
598,Suburban Birds, 2019-04-05,Cinema Guild,Drama,"$10,364","1,131"
650,The Fate of Lee Khan (1973)…, 2019-04-05,Film Movement,Action,"$4,295",468
308,The Man Who Killed Don Quixote, 2019-04-10,Fathom Events,Drama,"$391,963","42,790"
462,Wild, 2019-04-10,Strand,Drama,"$60,568","6,612"
67,Little, 2019-04-12,Universal,Comedy,"$40,860,481","4,460,751"
101,Hellboy, 2019-04-12,Lionsgate,Horror,"$21,903,748","2,391,238"
116,Missing Link, 2019-04-12,United Artists,Adventure,"$16,649,539","1,817,635"
125,After, 2019-04-12,Aviron Pictures,Thriller/Suspense,"$12,138,565","1,325,170"
215,Red Joan, 2019-04-12,IFC Films,Drama,"$1,580,223","172,513"
283,Long Day’s Journey Into Nig…, 2019-04-12,Kino Lorber,Drama,"$521,365","56,917"
285,Wild Nights With Emily, 2019-04-12,Greenwich,Comedy,"$519,487","56,712"
298,Teen Spirit, 2019-04-12,Bleecker Street,Musical,"$441,366","48,184"
307,Mia and the White Lion, 2019-04-12,Ledafilms,Drama,"$400,498","43,722"
334,Her Smell, 2019-04-12,Gunpowder & Sky,Drama,"$255,599","27,903"
349,Master Z: Ip Man Legacy, 2019-04-12,Well Go USA,Action,"$209,454","22,866"
364,"Iyengar: The Man, Yoga, The…", 2019-04-12,Kino Lorber,Documentary,"$176,387","19,256"
382,Dogman, 2019-04-12,Magnolia Pictures,Thriller/Suspense,"$148,225","16,181"
399,Mary Magdalene, 2019-04-12,IFC Films,Drama,"$124,958","13,641"
593,Made Me Do It, 2019-04-12,Indican Pictures,Horror,"$11,151","1,217"
618,Girls of the Sun, 2019-04-12,Cohen Media Group,Drama,"$7,801",851
69,Breakthrough, 2019-04-17,20th Century Fox,Drama,"$40,713,082","4,444,659"
141,Penguins, 2019-04-17,Walt Disney,Documentary,"$7,699,452","840,552"
185,Kalank, 2019-04-17,FIP,Drama,"$2,729,336","297,962"
301,Hail Satan?, 2019-04-17,Magnolia Pictures,Documentary,"$424,284","46,319"
51,The Curse of La Llorona, 2019-04-19,Warner Bros.,Horror,"$54,733,739","5,975,299"
267,The Grizzlies, 2019-04-19,Mongrel Media,Drama,"$650,565","71,022"
354,Family, 2019-04-19,Film Arcade,Drama,"$196,322","21,432"
378,Little Woods, 2019-04-19,Neon,Western,"$150,010","16,376"
387,Rafiki, 2019-04-19,Film Movement,Drama,"$137,968","15,062"
405,Be Natural: The Untold Stor…, 2019-04-19,Zeitgeist,Documentary,"$114,238","12,471"
442,Fast Color, 2019-04-19,Lionsgate,Thriller/Suspense,"$76,916","8,396"
478,Under The Silver Lake, 2019-04-19,A24,Thriller/Suspense,"$46,083","5,030"
479,High on the Hog, 2019-04-19,Indican Pictures,Action,"$45,599","4,978"
583,Hagazussa: A Heathen’s Curse, 2019-04-19,Doppelganger Rele…,Horror,"$13,253","1,446"
613,Grass, 2019-04-19,Cinema Guild,Drama,"$8,969",979
390,Okko’s Inn, 2019-04-22,GKIDS,Adventure,"$134,787","14,714"
484,Carmine Street Guitars, 2019-04-24,Abramorama Films,Documentary,"$44,253","4,831"
1,Avengers: Endgame, 2019-04-26,Walt Disney,Action,"$858,373,000","93,708,843"
207,The White Crow, 2019-04-26,Sony Pictures Cla…,Drama,"$1,827,604","199,520"
352,Hesburgh, 2019-04-26,O’Malley Creadon …,Documentary,"$204,709","22,348"
554,"Phoenix, Oregon", 2019-04-26,Joma Films,Comedy,"$18,356","2,003"
595,If the Dancer Dances, 2019-04-26,Monument Releasing,Documentary,"$10,912","1,191"
640,Body at Brighton Rock, 2019-04-26,Magnolia Pictures,Thriller/Suspense,"$5,123",559
75,The Intruder, 2019-05-03,Sony Pictures,Thriller/Suspense,"$35,388,976","3,863,425"
82,Long Shot, 2019-05-03,Lionsgate,Romantic Comedy,"$30,316,271","3,309,636"
105,UglyDolls, 2019-05-03,STX Entertainment,Adventure,"$20,150,241","2,199,807"
262,Non-Fiction, 2019-05-03,IFC Films,Comedy,"$704,919","76,956"
265,El Chicano, 2019-05-03,Briarcliff Entert…,Drama,"$700,261","76,447"
282,Shadow, 2019-05-03,Well Go USA,Action,"$521,396","56,920"
325,Ask Dr. Ruth, 2019-05-03,Magnolia Pictures,Documentary,"$297,195","32,444"
339,Meeting Gorbachev, 2019-05-03,1091 Media,Documentary,"$251,837","27,493"
376,The River and the Wall, 2019-05-03,Gravitas Ventures,Documentary,"$150,816","16,464"
421,Always Miss You, 2019-05-03,China Lion Film D…,Drama,"$91,884","10,031"
445,Savage, 2019-05-03,Well Go USA,Thriller/Suspense,"$74,491","8,132"
653,Mother of a Day, 2019-05-04,Sumbadhat Product…,Comedy,"$3,919",427
17,Pokémon: Detective Pikachu, 2019-05-10,Warner Bros.,Adventure,"$144,105,346","15,732,025"
74,The Hustle, 2019-05-10,United Artists,Comedy,"$35,417,038","3,866,488"
122,Poms, 2019-05-10,STX Entertainment,Comedy,"$13,631,124","1,488,113"
161,Tolkien, 2019-05-10,Fox Searchlight,Drama,"$4,535,154","495,104"
165,The Biggest Little Farm, 2019-05-10,Neon,Documentary,"$4,367,816","476,835"
252,Student of the Year 2, 2019-05-10,FIP,Romantic Comedy,"$778,566","84,996"
412,Miss & Mrs. Cops, 2019-05-10,CJ Entertainment,Comedy,"$103,935","11,346"
469,Charlie Says, 2019-05-10,IFC Films,Drama,"$51,044","5,572"
515,Pasolini, 2019-05-10,Kino Lorber,Drama,"$30,757","3,357"
622,My Son, 2019-05-10,Cohen Media Group,Thriller/Suspense,"$6,984",762
430,The Third Wife, 2019-05-15,Film Movement,Drama,"$84,933","9,272"
14,John Wick: Chapter 3 — Para…, 2019-05-17,Lionsgate,Action,"$171,015,687","18,669,834"
96,A Dog’s Journey, 2019-05-17,Universal,Drama,"$22,782,371","2,487,158"
158,The Sun is Also a Star, 2019-05-17,Warner Bros.,Drama,"$4,950,029","540,396"
236,The Souvenir, 2019-05-17,A24,Drama,"$1,030,502","112,500"
299,De De Pyaar De, 2019-05-17,Yash Raj Films,Romantic Comedy,"$425,934","46,499"
315,Photograph, 2019-05-17,Amazon Studios,Drama,"$344,534","37,612"
381,Trial by Fire, 2019-05-17,Roadside Attractions,Drama,"$148,504","16,212"
417,Walking on Water, 2019-05-17,Kino Lorber,Documentary,"$98,358","10,737"
489,Aniara, 2019-05-17,Magnolia Pictures,Drama,"$40,124","4,380"
491,Zilla and Zoe, 2019-05-17,Indican Pictures,Comedy,"$39,003","4,257"
492,Shed of the Dead, 2019-05-17,Indican Pictures,Comedy,"$38,699","4,224"
646,Slaughterhouse Rulez, 2019-05-17,Sony Pictures,Action,"$4,665",509
655,The Wandering Soap Opera, 2019-05-17,Cinema Guild,Comedy,"$3,542",386
313,The Tomorrow Man, 2019-05-22,Bleecker Street,Drama,"$354,103","38,657"
8,Aladdin, 2019-05-24,Walt Disney,Adventure,"$355,559,216","38,816,508"
97,Booksmart, 2019-05-24,United Artists,Comedy,"$22,680,962","2,476,087"
113,BrightBurn, 2019-05-24,Sony Pictures,Horror,"$17,259,427","1,884,216"
178,Echo in the Canyon, 2019-05-24,Greenwich,Documentary,"$3,355,266","366,295"
253,The Church, 2019-05-24,Indican Pictures,Horror,"$771,645","84,240"
284,The Spy Behind Home Plate, 2019-05-24,The Ciesla Founda…,Documentary,"$519,525","56,716"
363,India’s Most Wanted, 2019-05-24,FIP,Thriller/Suspense,"$176,858","19,307"
372,Halston, 2019-05-24,1091 Media,Documentary,"$151,991","16,592"
425,The Lumber Baron, 2019-05-24,Indican Pictures,Drama,"$87,881","9,593"
432,Woodstock: Three Days That …, 2019-05-24,Self Distributed,Documentary,"$84,440","9,218"
454,Diamantino, 2019-05-24,Kino Lorber,,"$70,088","7,651"
480,The Proposal, 2019-05-24,Oscilloscope Pict…,Documentary,"$45,149","4,928"
614,That Pärt Feeling—The Unive…, 2019-05-24,Film Movement,Documentary,"$8,818",962
523,"Leaving Home, Coming Home: …", 2019-05-29,Greenwich,Documentary,"$27,073","2,955"
25,Godzilla: King of the Monsters, 2019-05-31,Warner Bros.,Action,"$110,500,138","12,063,334"
32,Rocketman, 2019-05-31,Paramount Pictures,Drama,"$96,368,160","10,520,541"
59,MA, 2019-05-31,Universal,Horror,"$45,896,028","5,010,483"
198,The Fall of the American Em…, 2019-05-31,Entertainment One,Comedy,"$2,178,148","237,789"
437,Mayday Life, 2019-05-31,China Lion Film D…,Concert/Perfor…,"$78,966","8,620"
591,Yomeddine, 2019-05-31,Strand,Adventure,"$11,308","1,234"
186,Bharat, 2019-06-05,Viva Entertainment,Action,"$2,684,911","293,112"
16,The Secret Life of Pets 2, 2019-06-07,Universal,Adventure,"$158,874,395","17,344,366"
43,Dark Phoenix, 2019-06-07,20th Century Fox,Action,"$65,845,974","7,188,425"
117,Late Night, 2019-06-07,Amazon Studios,Comedy,"$15,500,045","1,692,144"
160,Pavarotti, 2019-06-07,CBS Films,Documentary,"$4,686,402","511,615"
162,The Last Black Man in San F…, 2019-06-07,A24,Drama,"$4,515,719","492,982"
347,"The Gangster, The Cop, The …", 2019-06-07,Well Go USA,Action,"$216,494","23,634"
353,Chasing the Dragon 2: Wild …, 2019-06-07,Well Go USA,Action,"$196,634","21,466"
384,Framing John DeLorean, 2019-06-07,Sundance Selects,Documentary,"$145,626","15,898"
422,Loopers: The Caddie’s Long …, 2019-06-07,Gravitas Ventures,Documentary,"$90,679","9,899"
431,Papi Chulo, 2019-06-07,Blue Fox Entertai…,Comedy,"$84,703","9,247"
567,Funan, 2019-06-07,GKIDS,Drama,"$15,152","1,654"
578,This One’s For The Ladies, 2019-06-07,Super LTD,Documentary,"$13,688","1,494"
617,Ghost Fleet, 2019-06-07,Abramorama Films,Documentary,"$7,850",856
504,Killer Unicorn, 2019-06-11,Indican Pictures,Horror,"$33,901","3,700"
401,Free Trip to Egypt, 2019-06-12,Fathom Events,Documentary,"$120,780","13,185"
416,The Reports on Sarah and Sa…, 2019-06-12,Dada Films,Drama,"$99,958","10,912"
35,Men in Black: International, 2019-06-14,Sony Pictures,Adventure,"$80,001,807","8,733,821"
103,Shaft, 2019-06-14,Warner Bros.,Comedy,"$21,360,215","2,331,901"
143,The Dead Don’t Die, 2019-06-14,Focus Features,Horror,"$6,782,066","740,400"
343,American Woman, 2019-06-14,Roadside Attractions,Drama,"$236,637","25,833"
379,Hampstead, 2019-06-14,IFC Films,Drama,"$148,636","16,226"
456,Being Frank, 2019-06-14,Film Arcade,Comedy,"$67,343","7,351"
473,Clinton Road, 2019-06-14,Nocturnal Features,Horror,"$50,400","5,502"
520,In the Aisles, 2019-06-14,Music Box Films,Drama,"$28,394","3,099"
571,Our Time, 2019-06-14,Monument Releasing,Drama,"$14,777","1,613"
660,Back to the Fatherland, 2019-06-14,First Run Features,Documentary,"$2,697",294
4,Toy Story 4, 2019-06-21,Walt Disney,Adventure,"$434,038,008","47,384,062"
83,Child’s Play, 2019-06-21,United Artists,Horror,"$29,208,403","3,188,690"
140,Anna, 2019-06-21,Lionsgate,Action,"$7,743,794","845,392"
211,Wild Rose, 2019-06-21,Neon,Drama,"$1,635,118","178,506"
243,Toni Morrison: The Pieces I Am, 2019-06-21,Magnolia Pictures,Documentary,"$903,018","98,582"
495,The Quiet One, 2019-06-21,IFC Films,Documentary,"$37,012","4,040"
552,Before Stonewall, 2019-06-21,First Run Features,Documentary,"$18,724","2,044"
36,Annabelle Comes Home, 2019-06-26,Warner Bros.,Horror,"$74,152,591","8,095,261"
426,The Chambermaid, 2019-06-26,Kino Lorber,Drama,"$86,961","9,493"
477,The Queen, 2019-06-27,Kino Lorber,Documentary,"$47,818","5,220"
37,Yesterday, 2019-06-28,Universal,Romantic Comedy,"$73,286,650","8,000,726"
180,Maiden, 2019-06-28,Sony Pictures Cla…,Documentary,"$3,162,490","345,250"
209,The Other Side of Heaven 2:…, 2019-06-28,ArtAffects,Drama,"$1,807,116","197,283"
389,The Other Story, 2019-06-28,Strand,Drama,"$134,962","14,733"
472,Ophelia, 2019-06-28,IFC Films,Drama,"$50,722","5,537"
563,Three Peaks, 2019-06-28,Greenwich,Drama,"$16,216","1,770"
7,Spider-Man: Far From Home, 2019-07-02,Sony Pictures,Action,"$390,532,085","42,634,507"
87,Midsommar, 2019-07-03,A24,Horror,"$27,426,363","2,994,144"
238,Marianne & Leonard: Words o…, 2019-07-05,Roadside Attractions,Documentary,"$1,013,820","110,679"
620,I’ll Take Your Dead, 2019-07-05,Breakthrough Ente…,Horror,"$7,692",839
310,The Cure: Anniversary 1978-…, 2019-07-11,Trafalgar Releasing,Concert/Perfor…,"$378,405","41,310"
71,Crawl, 2019-07-12,Paramount Pictures,Horror,"$39,014,193","4,259,191"
98,Stuber, 2019-07-12,20th Century Fox,Comedy,"$22,370,452","2,442,189"
112,The Farewell, 2019-07-12,A24,Drama,"$17,700,478","1,932,366"
191,The Art of Self-Defense, 2019-07-12,Bleecker Street,Comedy,"$2,410,914","263,200"
196,Super 30, 2019-07-12,Reliance Entertai…,Drama,"$2,269,878","247,803"
274,Bethany Hamilton: Unstoppable, 2019-07-12,Entertainment Stu…,Documentary,"$590,671","64,483"
317,Sword of Trust, 2019-07-12,IFC Films,Drama,"$322,598","35,218"
336,I Got The Hook-Up 2, 2019-07-12,RLJ Entertainment,Comedy,"$252,293","27,542"
419,Rojo, 2019-07-12,Distrib Films,Drama,"$94,757","10,344"
250,Between Me and My Mind, 2019-07-17,Trafalgar Releasing,Documentary,"$813,844","88,847"
2,The Lion King, 2019-07-19,Walt Disney,Adventure,"$543,638,043","59,349,131"
256,David Crosby: Remember My Name, 2019-07-19,Sony Pictures Cla…,Documentary,"$732,515","79,968"
441,A Faithful Man, 2019-07-19,Kino Lorber,Romantic Comedy,"$77,776","8,490"
588,Cassandro the Exotico, 2019-07-19,Film Movement,Documentary,"$11,897","1,298"
592,I Do Not Care If We Go Down…, 2019-07-19,Big World Pictures,Black Comedy,"$11,307","1,234"
603,Streetwise, 2019-07-19,Janus Films,Documentary,"$9,904","1,081"
623,Rosie, 2019-07-19,Blue Fox Entertai…,Drama,"$6,839",746
647,At War, 2019-07-19,Cinema Libre,Drama,"$4,605",502
662,TINY: The Life of Erin Blac…, 2019-07-19,Janus Films,Documentary,"$2,465",269
241,The Fighting Preacher, 2019-07-24,Purdie Distribution,Drama,"$955,781","104,342"
18,Once Upon a Time…in Hollywo…, 2019-07-26,Sony Pictures,Thriller/Suspense,"$141,096,530","15,403,551"
260,Honeyland, 2019-07-26,Neon,Documentary,"$712,363","77,768"
287,Tel Aviv on Fire, 2019-07-26,Cohen Media Group,Romantic Comedy,"$504,443","55,070"
296,Dear Comrade, 2019-07-26,,Action,"$457,000","49,890"
330,Mike Wallace is Here, 2019-07-26,Magnolia Pictures,Documentary,"$281,245","30,703"
461,The Mountain, 2019-07-26,Kino Lorber,Black Comedy,"$61,035","6,663"
485,For Sama, 2019-07-26,PBS Distribution,Documentary,"$43,796","4,781"
518,The Ground Beneath My Feet, 2019-07-26,Strand,Drama,"$29,171","3,184"
667,In Safe Hands, 2019-07-26,Distrib Films,Drama,"$1,737",189
374,Jay Myself, 2019-07-31,Oscilloscope Pict…,Documentary,"$151,331","16,520"
281,Grateful Dead Meet-Up at th…, 2019-08-01,Trafalgar Releasing,Documentary,"$534,611","58,363"
13,Fast & Furious Presents: Ho…, 2019-08-02,Universal,Action,"$173,956,935","18,990,932"
202,Luce, 2019-08-02,Neon,Thriller/Suspense,"$2,010,613","219,499"
291,Exit, 2019-08-02,CJ Entertainment,Adventure,"$478,949","52,287"
303,Union, 2019-08-02,Indican Pictures,Drama,"$413,656","45,158"
306,The Nightingale, 2019-08-02,IFC Films,Drama,"$400,741","43,749"
369,Them That Follow, 2019-08-02,1091 Media,Thriller/Suspense,"$159,218","17,381"
475,"Love, Antosha", 2019-08-02,Lurker Films,Documentary,"$50,168","5,476"
532,Piranhas, 2019-08-02,Music Box Films,Drama,"$23,494","2,564"
159,Bring the Soul: The Movie, 2019-08-07,Trafalgar Releasing,Documentary,"$4,809,800","525,087"
42,Scary Stories to Tell in th…, 2019-08-09,Lionsgate,Horror,"$68,947,075","7,526,973"
46,Dora and the Lost City of Gold, 2019-08-09,Paramount Pictures,Adventure,"$60,477,943","6,602,395"
89,The Art of Racing in the Rain, 2019-08-09,20th Century Fox,Drama,"$26,402,818","2,882,403"
104,The Peanut Butter Falcon, 2019-08-09,Roadside Attractions,Adventure,"$20,457,158","2,233,314"
124,The Kitchen, 2019-08-09,Warner Bros.,Drama,"$12,180,032","1,329,698"
164,Brian Banks, 2019-08-09,Bleecker Street,Drama,"$4,376,820","477,818"
216,After the Wedding, 2019-08-09,Sony Pictures Cla…,Drama,"$1,573,276","171,755"
328,The Bravest, 2019-08-09,Sony Pictures,Drama,"$290,217","31,683"
335,One Child Nation, 2019-08-09,Amazon Studios,Documentary,"$252,734","27,591"
427,ECCO, 2019-08-09,Citadel,Thriller/Suspense,"$86,858","9,482"
540,Wicked Witches, 2019-08-09,Nocturnal Features,Horror,"$21,600","2,358"
560,Ode to Joy, 2019-08-09,IFC Films,Comedy,"$17,303","1,888"
596,Vision Portraits, 2019-08-09,Self Distributed,Documentary,"$10,771","1,175"
625,Dying to Survive, 2019-08-09,China Lion Film D…,Drama,"$6,752",737
66,The Angry Birds Movie 2, 2019-08-13,Sony Pictures,Adventure,"$41,657,076","4,547,715"
174,Mission Mangal, 2019-08-15,FIP,Drama,"$3,660,413","399,608"
34,Good Boys, 2019-08-16,Universal,Comedy,"$83,140,306","9,076,453"
99,47 Meters Down: Uncaged, 2019-08-16,Entertainment Stu…,Horror,"$22,260,900","2,430,229"
126,Blinded by the Light, 2019-08-16,Warner Bros.,Drama,"$11,901,145","1,299,252"
137,Where’d You Go Bernadette, 2019-08-16,United Artists,Comedy,"$9,198,356","1,004,187"
323,Aquarela, 2019-08-16,Sony Pictures Cla…,Documentary,"$301,429","32,907"
326,Line Walker 2: Invisible Spy, 2019-08-16,Well Go USA,Action,"$296,751","32,396"
410,Cold Case Hammarskjold, 2019-08-16,Magnolia Pictures,Documentary,"$104,965","11,459"
413,The Divine Fury, 2019-08-16,Well Go USA,Action,"$102,982","11,242"
468,End of the Century, 2019-08-16,Cinema Guild,Drama,"$51,212","5,590"
498,Buñuel in the Labyrinth of …, 2019-08-16,GKIDS,Drama,"$36,205","3,952"
645,What You Gonna Do When The …, 2019-08-16,KimStim,Documentary,"$4,672",510
569,ZZ Top: That Little Ol’ Ban…, 2019-08-19,Abramorama Films,Documentary,"$14,879","1,624"
84,Ready or Not, 2019-08-21,Fox Searchlight,Black Comedy,"$28,714,231","3,134,741"
240,RUSH: Cinema Strangiato 2019, 2019-08-21,Trafalgar Releasing,Concert/Perfor…,"$958,907","104,684"
365,Tigers Are Not Afraid, 2019-08-21,Variance Films,Horror,"$175,559","19,165"
41,Angel Has Fallen, 2019-08-23,Lionsgate,Thriller/Suspense,"$69,030,436","7,536,073"
77,Overcomer, 2019-08-23,Sony Pictures,Drama,"$34,700,142","3,788,225"
142,Brittany Runs a Marathon, 2019-08-23,Amazon Studios,Drama,"$7,136,342","779,076"
270,Miles Davis: Birth of the Cool, 2019-08-23,Abramorama Films,Documentary,"$614,201","67,052"
278,Fiddler: A Miracle of Miracles, 2019-08-23,Roadside Attractions,Documentary,"$549,385","59,976"
342,Give Me Liberty, 2019-08-23,Music Box Films,Comedy,"$238,600","26,048"
459,Vita & Virginia, 2019-08-23,IFC Films,Drama,"$62,350","6,806"
624,Genesis, 2019-08-23,Film Movement,Drama,"$6,784",740
635,The Miracle of the Little P…, 2019-08-28,Film Movement,Documentary,"$5,553",606
173,Ne Zha, 2019-08-29,Well Go USA,Adventure,"$3,695,533","403,442"
189,Saaho, 2019-08-29,Yash Raj Films,Action,"$2,626,284","286,712"
157,Don’t Let Go, 2019-08-30,OTL Releasing,Thriller/Suspense,"$5,215,062","569,330"
188,Tod@s Caen, 2019-08-30,Lionsgate,Romantic Comedy,"$2,670,925","291,585"
204,Official Secrets, 2019-08-30,IFC Films,Thriller/Suspense,"$1,996,766","217,987"
257,Bennett’s War, 2019-08-30,ESX Entertainment,Drama,"$725,042","79,153"
266,Raise Hell: The Life and Ti…, 2019-08-30,Magnolia Pictures,Documentary,"$694,410","75,808"
327,Killerman, 2019-08-30,Blue Fox Entertai…,Action,"$291,477","31,820"
375,Before You Know It, 2019-08-30,1091 Media,Comedy,"$151,307","16,518"
502,Ága, 2019-09-04,Big World Pictures,Drama,"$34,131","3,726"
322,K-12, 2019-09-05,Abramorama Films,Musical,"$303,230","33,103"
10,It: Chapter Two, 2019-09-06,Warner Bros.,Horror,"$211,593,228","23,099,697"
168,Linda Ronstadt: The Sound o…, 2019-09-06,Greenwich,Documentary,"$4,244,894","463,416"
203,Chhichhore, 2019-09-06,FIP,Comedy,"$2,004,400","218,820"
436,Ms. Purple, 2019-09-06,Oscilloscope Pict…,Drama,"$80,657","8,805"
453,Edie, 2019-09-06,Music Box Films,Drama,"$70,138","7,656"
562,Balloon, 2019-09-06,Distrib Films,Thriller/Suspense,"$16,792","1,833"
582,Rapid Response, 2019-09-06,Atlas Distribution,Documentary,"$13,262","1,447"
648,I’m Leaving Now, 2019-09-06,Cinema Guild,Documentary,"$4,443",485
559,Chained for Life, 2019-09-11,Kino Lorber,Black Comedy,"$17,370","1,896"
29,Hustlers, 2019-09-13,STX Entertainment,Drama,"$104,962,986","11,458,841"
155,The Goldfinch, 2019-09-13,Warner Bros.,Drama,"$5,332,621","582,164"
305,Monos, 2019-09-13,Neon,Thriller/Suspense,"$406,473","44,374"
320,Out of Liberty, 2019-09-13,Purdie Distribution,Western,"$317,217","34,630"
331,Freaks, 2019-09-13,Well Go USA,Thriller/Suspense,"$276,591","30,195"
367,The Bad Guys: Reign of Chaos, 2019-09-13,CJ Entertainment,Drama,"$166,971","18,228"
467,One Cut of the Dead, 2019-09-13,Shudder,Horror,"$52,406","5,721"
486,Fagara, 2019-09-13,China Lion Film D…,Drama,"$43,262","4,722"
506,Moonlight Sonata: Deafness …, 2019-09-13,Abramorama Films,Documentary,"$33,841","3,694"
511,Desolation Center, 2019-09-13,Self Distributed,Documentary,"$32,016","3,495"
529,Chasing Einstein, 2019-09-13,Atlas Distribution,Documentary,"$24,117","2,632"
546,The Sound of Silence, 2019-09-13,IFC Films,Drama,"$20,171","2,202"
587,Imprisoned, 2019-09-13,Cinema Libre,Thriller/Suspense,"$12,049","1,315"
610,Cracked Up, 2019-09-13,Abramorama Films,Documentary,"$9,197","1,004"
656,Another Day of Life, 2019-09-13,GKIDS,Drama,"$3,190",348
195,Promare, 2019-09-17,GKIDS,Adventure,"$2,290,542","250,059"
488,Midnight Traveler, 2019-09-18,Oscilloscope Pict…,Documentary,"$41,265","4,504"
31,Downton Abbey, 2019-09-20,Focus Features,Drama,"$96,853,865","10,573,566"
55,Ad Astra, 2019-09-20,20th Century Fox,Thriller/Suspense,"$50,188,370","5,479,079"
62,Rambo: Last Blood, 2019-09-20,Lionsgate,Action,"$44,819,352","4,892,942"
220,Fantastic Fungi, 2019-09-20,Area 23a,Documentary,"$1,444,604","157,707"
263,Where’s My Roy Cohn?, 2019-09-20,Sony Pictures Cla…,Documentary,"$704,780","76,941"
396,The Zoya Factor, 2019-09-20,FIP,Romantic Comedy,"$128,831","14,064"
418,Tazza: One Eyed Jack, 2019-09-20,Well Go USA,Drama,"$97,655","10,661"
494,Britt-Marie Was Here, 2019-09-20,Cohen Media Group,Comedy,"$37,127","4,053"
500,Loro 1, 2019-09-20,IFC Films,Documentary,"$35,613","3,887"
547,Prassthanam, 2019-09-20,PackYourBag Films,Drama,"$19,984","2,181"
553,Midnight Diner, 2019-09-20,Well Go USA,Drama,"$18,555","2,025"
182,Friends 25th: The One With …, 2019-09-23,Fathom Events,Comedy,"$2,884,827","314,937"
45,Abominable, 2019-09-27,Universal,Adventure,"$60,679,265","6,624,374"
92,Judy, 2019-09-27,Roadside Attractions,Drama,"$24,027,755","2,623,117"
346,First Love, 2019-09-27,Well Go USA,Drama,"$219,680","23,982"
505,The Death of Dick Long, 2019-09-27,A24,Black Comedy,"$33,856","3,696"
510,10E, 2019-09-27,in8 Releasing,Comedy,"$32,413","3,538"
524,The Day Shall Come, 2019-09-27,IFC Films,Comedy,"$26,972","2,944"
605,Fritz Lang’s Indian Epic, 2019-09-27,Film Movement,,"$9,345","1,020"
631,The Golden Glove, 2019-09-27,Strand,Drama,"$5,963",650
651,The Gliksmans, 2019-09-27,Indican Pictures,Comedy,"$4,080",445
289,The Climbers, 2019-09-30,Well Go USA,Adventure,"$487,157","53,183"
194,"My People, My Country", 2019-10-01,CMC Pictures,Drama,"$2,323,409","253,647"
175,War, 2019-10-02,Yash Raj Films,Action,"$3,640,355","397,418"
272,Roger Waters Us + Them, 2019-10-02,Trafalgar Releasing,Documentary,"$594,982","64,954"
534,Célébration, 2019-10-02,KimStim,Documentary,"$22,557","2,462"
9,Joker, 2019-10-04,Warner Bros.,Thriller/Suspense,"$333,772,511","36,438,047"
172,Pain & Glory, 2019-10-04,Sony Pictures Cla…,Drama,"$3,967,719","433,157"
318,Lucy in the Sky, 2019-10-04,Fox Searchlight,Drama,"$319,976","34,931"
451,The Battle of Jangsari, 2019-10-04,Well Go USA,Drama,"$71,146","7,767"
514,Memory: The Origins of Alien, 2019-10-04,Screen Media Films,Documentary,"$31,378","3,425"
568,Wrinkles the Clown, 2019-10-04,Magnolia Pictures,Documentary,"$14,938","1,630"
574,The Woman Who Loves Giraffes, 2019-10-04,Zeitgeist,Documentary,"$14,350","1,566"
242,Metallica & San Francisco S…, 2019-10-09,Trafalgar Releasing,Concert/Perfor…,"$907,163","99,035"
312,Matthias & Maxime, 2019-10-09,Self Distributed,Drama,"$365,918","39,947"
395,Mister America, 2019-10-09,Magnolia Pictures,Comedy,"$130,897","14,290"
30,The Addams Family, 2019-10-11,United Artists,Adventure,"$97,185,807","10,609,804"
57,Gemini Man, 2019-10-11,Paramount Pictures,Action,"$48,546,770","5,299,865"
93,Parasite, 2019-10-11,Neon,Black Comedy,"$23,850,889","2,603,808"
145,Jexi, 2019-10-11,Lionsgate,Comedy,"$6,546,159","714,646"
276,The Sky is Pink, 2019-10-11,Gravitas Ventures,Drama,"$555,030","60,592"
433,High Strung: Free Dance, 2019-10-11,GVN Releasing,Drama,"$83,891","9,158"
513,Gift, 2019-10-11,Matson,Documentary,"$31,588","3,448"
615,The Dead Center, 2019-10-11,Arrow Releasing,Thriller/Suspense,"$8,320",908
621,Beloved Beast, 2019-10-11,Indican Pictures,Horror,"$7,301",797
639,100 Acres of Hell, 2019-10-11,Indican Pictures,Horror,"$5,152",562
664,A German Youth, 2019-10-11,Big World Pictures,Documentary,"$2,177",237
179,Jay and Silent Bob Reboot, 2019-10-15,Fathom Events,Comedy,"$3,258,824","355,766"
590,Stuffed, 2019-10-16,Music Box Films,Documentary,"$11,683","1,275"
23,Maleficent: Mistress of Evil, 2019-10-18,Walt Disney,Adventure,"$113,294,737","12,368,421"
39,Zombieland: Double Tap, 2019-10-18,Sony Pictures,Comedy,"$73,027,571","7,972,442"
102,Jojo Rabbit, 2019-10-18,Fox Searchlight,Black Comedy,"$21,579,550","2,355,846"
128,The Lighthouse, 2019-10-18,A24,Drama,"$10,809,320","1,180,056"
261,The Captain, 2019-10-18,Well Go USA,Drama,"$706,572","77,136"
314,"Cyrano, My Love", 2019-10-18,Roadside Attractions,Comedy,"$351,019","38,320"
460,By the Grace of God, 2019-10-18,Music Box Films,Drama,"$61,079","6,668"
463,Greener Grass, 2019-10-18,IFC Films,Comedy,"$57,384","6,264"
481,The Cave, 2019-10-18,National Geograph…,Documentary,"$45,096","4,923"
487,Immortal Hero, 2019-10-18,Freestyle Releasing,Drama,"$43,059","4,700"
663,Serendipity, 2019-10-18,Cohen Media Group,Documentary,"$2,213",241
90,Countdown, 2019-10-25,STX Entertainment,Horror,"$25,617,813","2,796,704"
100,Black and Blue, 2019-10-25,Sony Pictures,Action,"$22,012,729","2,403,136"
149,The Current War: Director’s…, 2019-10-25,101 Studios,Drama,"$5,978,673","652,693"
200,Housefull 4, 2019-10-25,FIP,Romantic Comedy,"$2,109,160","230,257"
214,Western Stars, 2019-10-25,Warner Bros.,Documentary,"$1,581,681","172,673"
245,Jesus is King, 2019-10-25,IMAX Films,Musical,"$850,000","92,794"
290,The Great Alaskan Race, 2019-10-25,P12 Films,Adventure,"$481,924","52,611"
356,Synonyms, 2019-10-25,Kino Lorber,Drama,"$186,482","20,358"
366,Frankie, 2019-10-25,Sony Pictures Cla…,Drama,"$167,169","18,249"
466,Making Waves: The Art of Ci…, 2019-10-25,Matson,Documentary,"$53,144","5,801"
597,Prescience, 2019-10-25,Indican Pictures,Drama,"$10,606","1,157"
541,Redoubt, 2019-10-30,Grasshopper Film,Thriller/Suspense,"$21,556","2,353"
44,Terminator: Dark Fate, 2019-11-01,Paramount Pictures,Action,"$62,253,077","6,796,187"
64,Harriet, 2019-11-01,Focus Features,Drama,"$42,547,700","4,644,945"
135,Motherless Brooklyn, 2019-11-01,Warner Bros.,Drama,"$9,277,736","1,012,853"
152,Arctic Dogs, 2019-11-01,Entertainment Stu…,Adventure,"$5,801,249","633,324"
474,American Dharma, 2019-11-01,Utopia,Documentary,"$50,250","5,485"
537,Light From Light, 2019-11-01,Grasshopper Film,Drama,"$22,360","2,441"
628,To Be of Service, 2019-11-01,First Run Features,Documentary,"$6,173",673
643,Crepitus, 2019-11-01,Indican Pictures,Horror,"$4,846",529
295,Christmas Jars, 2019-11-04,Fathom Events,Drama,"$459,466","50,160"
48,Midway, 2019-11-08,Lionsgate,Action,"$56,547,282","6,173,284"
63,Playing with Fire, 2019-11-08,Paramount Pictures,Comedy,"$44,406,890","4,847,913"
76,Last Christmas, 2019-11-08,Universal,Romantic Comedy,"$35,116,450","3,833,674"
80,Doctor Sleep, 2019-11-08,Warner Bros.,Horror,"$31,543,097","3,443,570"
181,Honey Boy, 2019-11-08,Amazon Studios,Drama,"$2,980,099","325,338"
205,Better Days, 2019-11-08,Well Go USA,Drama,"$1,921,657","209,787"
404,The Kingmaker, 2019-11-08,Greenwich,Documentary,"$115,253","12,582"
423,My Dear Liar, 2019-11-08,CMC Pictures,Drama,"$90,545","9,884"
544,The All Americans, 2019-11-08,Abramorama Films,Documentary,"$20,322","2,218"
644,Ballet Blanc, 2019-11-08,Indican Pictures,Horror,"$4,832",527
654,Crown Vic, 2019-11-08,Screen Media Films,Action,"$3,868",422
674,A Fish in the Bathtub, 2019-11-08,Cohen Media Group,Comedy,"$1,237",135
279,Everybody’s Everything, 2019-11-12,Gunpowder & Sky,Documentary,"$547,207","59,738"
26,Ford v. Ferrari, 2019-11-15,20th Century Fox,Drama,"$109,976,339","12,006,150"
111,Charlie’s Angels, 2019-11-15,Sony Pictures,Action,"$17,790,181","1,942,159"
114,The Good Liar, 2019-11-15,Warner Bros.,Thriller/Suspense,"$16,973,279","1,852,978"
212,Waves, 2019-11-15,A24,Musical,"$1,626,272","177,540"
361,The Warrior Queen of Jhansi, 2019-11-15,Roadside Attractions,Drama,"$177,437","19,370"
455,The Divine Move 2: The Wrat…, 2019-11-15,CJ Entertainment,Action,"$67,578","7,377"
464,Mickey and the Bear, 2019-11-15,Self Distributed,Drama,"$57,188","6,243"
496,Recorder: The Marion Stokes…, 2019-11-15,Zeitgeist,Documentary,"$36,523","3,987"
501,White Snake, 2019-11-15,GKIDS,Drama,"$34,730","3,791"
551,Scandalous: The Untold Stor…, 2019-11-15,Magnolia Pictures,Documentary,"$18,759","2,047"
589,Hollywould, 2019-11-15,Indican Pictures,Thriller/Suspense,"$11,888","1,297"
264,Depeche Mode: Spirits in th…, 2019-11-21,Trafalgar Releasing,Concert/Perfor…,"$704,744","76,937"
3,Frozen II, 2019-11-22,Walt Disney,Adventure,"$450,439,533","49,174,621"
47,A Beautiful Day in the Neig…, 2019-11-22,Sony Pictures,Drama,"$58,801,961","6,419,428"
85,21 Bridges, 2019-11-22,STX Entertainment,Thriller/Suspense,"$28,265,017","3,085,700"
129,Dark Waters, 2019-11-22,Focus Features,Drama,"$10,633,879","1,160,904"
345,Pagalpanti, 2019-11-22,Eros Entertainment,Comedy,"$227,714","24,859"
408,Varda by Agnes, 2019-11-22,Janus Films,Documentary,"$107,631","11,750"
521,Kind Hearts and Coronets, 2019-11-22,Rialto Pictures,Black Comedy,"$27,893","3,045"
557,Citizen K, 2019-11-22,Greenwich,Documentary,"$17,704","1,932"
601,Shooting the Mafia, 2019-11-22,Cohen Media Group,Documentary,"$9,988","1,090"
606,When Lambs Become Lions, 2019-11-22,Oscilloscope Pict…,Documentary,"$9,337","1,019"
669,The Killing Floor, 2019-11-22,Film Movement,Drama,"$1,583",172
21,Knives Out, 2019-11-27,Lionsgate,Drama,"$130,119,450","14,205,180"
68,Queen & Slim, 2019-11-27,Universal,Drama,"$40,718,945","4,445,300"
324,63 Up, 2019-11-27,BritBox,Documentary,"$299,745","32,723"
585,Sympathy For the Devil, 2019-11-27,Entertainment One,Action,"$12,144","1,325"
549,Tremors, 2019-11-29,Film Movement,Drama,"$19,562","2,135"
403,Branagh Theatre Live: The W…, 2019-12-04,Trafalgar Releasing,Drama,"$116,877","12,759"
229,No Safe Spaces, 2019-12-06,Atlas Distribution,Documentary,"$1,240,211","135,394"
234,PLAYMOBIL, 2019-12-06,STX Entertainment,Adventure,"$1,113,885","121,603"
294,Panipat, 2019-12-06,Reliance Entertai…,Action,"$461,863","50,421"
297,Les Misérables - The Staged…, 2019-12-06,Trafalgar Releasing,Concert/Perfor…,"$444,150","48,487"
300,En Brazos de un Asesino, 2019-12-06,Lionsgate,Thriller/Suspense,"$425,332","46,433"
377,The Whistleblower, 2019-12-06,CMC Pictures,Action,"$150,481","16,428"
536,Little Joe, 2019-12-06,Magnolia Pictures,Drama,"$22,422","2,447"
545,The Disappearance of my Mother, 2019-12-06,Kino Lorber,Documentary,"$20,293","2,215"
548,Midnight Family, 2019-12-06,1091 Media,Documentary,"$19,983","2,181"
668,Little Q, 2019-12-06,Well Go USA,Drama,"$1,652",180
11,Jumanji: The Next Level, 2019-12-13,Sony Pictures,Adventure,"$192,094,536","20,971,019"
91,Bombshell, 2019-12-13,Lionsgate,Drama,"$24,589,972","2,684,494"
110,Richard Jewell, 2019-12-13,Warner Bros.,Drama,"$17,822,217","1,945,657"
133,Black Christmas, 2019-12-13,Universal,Horror,"$9,867,670","1,077,257"
227,A Hidden Life, 2019-12-13,Fox Searchlight,Drama,"$1,274,329","139,118"
414,Cunningham, 2019-12-13,Magnolia Pictures,Documentary,"$102,082","11,144"
637,Spiral Farm, 2019-12-13,Indican Pictures,Drama,"$5,475",597
673,Chinese Portrait, 2019-12-13,Cinema Guild,Documentary,"$1,246",136
6,Star Wars: The Rise of Skyw…, 2019-12-20,Walt Disney,Adventure,"$390,706,234","42,653,519"
106,Cats, 2019-12-20,Universal,Musical,"$19,970,095","2,180,141"
280,Dabangg 3, 2019-12-20,Yash Raj Films,Action,"$535,000","58,406"
344,Ashfall, 2019-12-20,CJ Entertainment,Action,"$236,183","25,784"
465,Invisible Life, 2019-12-20,Amazon Studios,Drama,"$53,783","5,871"
40,Little Women, 2019-12-25,Sony Pictures,Drama,"$70,502,828","7,696,815"
58,Spies in Disguise, 2019-12-25,20th Century Fox,Adventure,"$47,042,421","5,135,635"
73,Uncut Gems, 2019-12-25,A24,Thriller/Suspense,"$36,556,384","3,990,871"
183,IP Man: The Finale, 2019-12-25,Well Go USA,Action,"$2,866,676","312,955"
224,1917, 2019-12-25,Universal,Thriller/Suspense,"$1,326,178","144,779"
259,Thank You For Everything, 2019-12-25,Entertainment One,Comedy,"$718,321","78,419"
332,Just Mercy, 2019-12-25,Warner Bros.,Drama,"$267,881","29,245"
357,The Song of Names, 2019-12-25,Sony Pictures Cla…,Drama,"$186,005","20,306"
443,Clemency, 2019-12-27,Neon,Drama,"$76,373","8,337"
127,The Grudge, 2020-01-03,,Horror,"$11,404,113","1,244,990"